id,content,metadata
0,"[Company Name] Employee Handbook  Version 1.0 Last Updated: [Date]  Table of Contents Here is a Table of Contents for your Employee Handbook, covering up to Section 20, formatted cleanly and ready for internal use, publication, or chatbot navigation: 1. Welcome Message & Mission Statement 2. Company Overview & Core Values 3. Employment Classification & Work Eligibility 4. Code of Conduct & Professional Expectations 5. Anti-Discrimination, Harassment & Equal Opportunity 6. Compensation, Payroll &","{'producer': 'macOS Version 15.5 (Build 24F74) Quartz PDFContext', 'creator': 'Word', 'creationdate': ""D:20250716221643Z00'00'"", 'title': 'employee_handbook', 'author': 'Aqdas Tanweer', 'moddate': ""D:20250716221643Z00'00'"", 'source': 'c:\\Users\\veerg\\OneDrive\\QuadrantInternship_TeamOne\\backend\\employee_handbook.pdf', 'total_pages': 82, 'page': 0, 'page_label': '1'}"
1,"& Equal Opportunity 6. Compensation, Payroll & Timekeeping 7. Work Hours, Attendance & Scheduling 8. Leave Policies & Time Off 9. Performance Management & Feedback 10. Promotions, Transfers & Internal Mobility 11. Separation, Resignation & Termination Policies 12. Data Privacy, Confidentiality & Intellectual Property 13. Conflict of Interest & Whistleblower Protections 14. Use of Company Property & Physical Resources 15. Travel, Expenses & Reimbursements 16. Remote Work & Hybrid Guidelines 17.","{'producer': 'macOS Version 15.5 (Build 24F74) Quartz PDFContext', 'creator': 'Word', 'creationdate': ""D:20250716221643Z00'00'"", 'title': 'employee_handbook', 'author': 'Aqdas Tanweer', 'moddate': ""D:20250716221643Z00'00'"", 'source': 'c:\\Users\\veerg\\OneDrive\\QuadrantInternship_TeamOne\\backend\\employee_handbook.pdf', 'total_pages': 82, 'page': 0, 'page_label': '1'}"
2,"16. Remote Work & Hybrid Guidelines 17. Use of Technology, IT, and AI Tools 18. Employee Resource Groups (ERGs) & Inclusion Initiatives 19. Workplace Safety & Emergency Procedures 20. Employee Recognition & Rewards  Section 1: Welcome Message & Mission Statement 1.1 Welcome to [Company Name] We are delighted to welcome you to the [Company Name] family. Whether you are a new employee just beginning your journey with us, or a long-standing team member, we want you to know that you are a valued","{'producer': 'macOS Version 15.5 (Build 24F74) Quartz PDFContext', 'creator': 'Word', 'creationdate': ""D:20250716221643Z00'00'"", 'title': 'employee_handbook', 'author': 'Aqdas Tanweer', 'moddate': ""D:20250716221643Z00'00'"", 'source': 'c:\\Users\\veerg\\OneDrive\\QuadrantInternship_TeamOne\\backend\\employee_handbook.pdf', 'total_pages': 82, 'page': 0, 'page_label': '1'}"
3,"member, we want you to know that you are a valued part of our organization. Our success is driven by the collective","{'producer': 'macOS Version 15.5 (Build 24F74) Quartz PDFContext', 'creator': 'Word', 'creationdate': ""D:20250716221643Z00'00'"", 'title': 'employee_handbook', 'author': 'Aqdas Tanweer', 'moddate': ""D:20250716221643Z00'00'"", 'source': 'c:\\Users\\veerg\\OneDrive\\QuadrantInternship_TeamOne\\backend\\employee_handbook.pdf', 'total_pages': 82, 'page': 0, 'page_label': '1'}"
4,"energy, innovation, and commitment of our people, and we are excited to see the unique contributions you will bring. At [Company Name], we believe that work should be a place of purpose, growth, and connection. Our culture is built on mutual respect, shared vision, and an unwavering commitment to ethical integrity. This handbook is designed to support you throughout your employment by clearly outlining what you can expect from us — and what we ask from you. 1.2 Why This Handbook Matters This","{'producer': 'macOS Version 15.5 (Build 24F74) Quartz PDFContext', 'creator': 'Word', 'creationdate': ""D:20250716221643Z00'00'"", 'title': 'employee_handbook', 'author': 'Aqdas Tanweer', 'moddate': ""D:20250716221643Z00'00'"", 'source': 'c:\\Users\\veerg\\OneDrive\\QuadrantInternship_TeamOne\\backend\\employee_handbook.pdf', 'total_pages': 82, 'page': 1, 'page_label': '2'}"
5,"ask from you. 1.2 Why This Handbook Matters This employee handbook is more than just a document — it is a resource that reflects our culture and operational framework. It provides a comprehensive guide to our policies, procedures, expectations, and benefits. It also serves as a living reference for workplace behavior, ethical standards, and company-wide values that we expect all team members to uphold. By familiarizing yourself with the contents of this handbook, you will be better equipped to","{'producer': 'macOS Version 15.5 (Build 24F74) Quartz PDFContext', 'creator': 'Word', 'creationdate': ""D:20250716221643Z00'00'"", 'title': 'employee_handbook', 'author': 'Aqdas Tanweer', 'moddate': ""D:20250716221643Z00'00'"", 'source': 'c:\\Users\\veerg\\OneDrive\\QuadrantInternship_TeamOne\\backend\\employee_handbook.pdf', 'total_pages': 82, 'page': 1, 'page_label': '2'}"
6,"of this handbook, you will be better equipped to navigate your role, take advantage of available resources, and thrive as a member of our community. This handbook is also a foundation for training AI systems used within our organization to ensure all automated interactions align with our human-centric values. 1.3 Our Commitment to You We are committed to creating an inclusive, safe, and empowering work environment that fosters your personal and professional development. You can expect: • Clear","{'producer': 'macOS Version 15.5 (Build 24F74) Quartz PDFContext', 'creator': 'Word', 'creationdate': ""D:20250716221643Z00'00'"", 'title': 'employee_handbook', 'author': 'Aqdas Tanweer', 'moddate': ""D:20250716221643Z00'00'"", 'source': 'c:\\Users\\veerg\\OneDrive\\QuadrantInternship_TeamOne\\backend\\employee_handbook.pdf', 'total_pages': 82, 'page': 1, 'page_label': '2'}"
7,"professional development. You can expect: • Clear communication from leadership and management • Equal opportunities for growth and advancement • A strong focus on work-life balance • Respect for your individuality, background, and ideas • Tools and support for continuous learning and innovation 1.4 What We Ask From You As a member of our organization, we expect that you: • Understand and adhere to the policies and procedures outlined in this handbook • Treat others with dignity,","{'producer': 'macOS Version 15.5 (Build 24F74) Quartz PDFContext', 'creator': 'Word', 'creationdate': ""D:20250716221643Z00'00'"", 'title': 'employee_handbook', 'author': 'Aqdas Tanweer', 'moddate': ""D:20250716221643Z00'00'"", 'source': 'c:\\Users\\veerg\\OneDrive\\QuadrantInternship_TeamOne\\backend\\employee_handbook.pdf', 'total_pages': 82, 'page': 1, 'page_label': '2'}"
8,"in this handbook • Treat others with dignity, professionalism, and kindness • Communicate openly and respectfully with your colleagues • Act in accordance with our core values and ethical standards • Speak up when you see something that doesn’t align with our principles 1.5 Mission Statement Our mission is to empower people and organizations to achieve more through innovation, integrity, and collaboration. We strive to:","{'producer': 'macOS Version 15.5 (Build 24F74) Quartz PDFContext', 'creator': 'Word', 'creationdate': ""D:20250716221643Z00'00'"", 'title': 'employee_handbook', 'author': 'Aqdas Tanweer', 'moddate': ""D:20250716221643Z00'00'"", 'source': 'c:\\Users\\veerg\\OneDrive\\QuadrantInternship_TeamOne\\backend\\employee_handbook.pdf', 'total_pages': 82, 'page': 1, 'page_label': '2'}"
9,"• Foster a workplace culture where every employee feels heard, valued, and supported • Deliver high-quality products and services that make a positive impact on our customers and communities • Lead with ethics and transparency in everything we do • Encourage bold ideas, continuous improvement, and collective success 1.6 A Living Document Please note that this handbook is a living document. As our organization evolves, so too will our policies and practices. You will be notified of significant","{'producer': 'macOS Version 15.5 (Build 24F74) Quartz PDFContext', 'creator': 'Word', 'creationdate': ""D:20250716221643Z00'00'"", 'title': 'employee_handbook', 'author': 'Aqdas Tanweer', 'moddate': ""D:20250716221643Z00'00'"", 'source': 'c:\\Users\\veerg\\OneDrive\\QuadrantInternship_TeamOne\\backend\\employee_handbook.pdf', 'total_pages': 82, 'page': 2, 'page_label': '3'}"
10,"practices. You will be notified of significant updates, and the most current version will always be accessible through our internal HR portal. We look forward to growing together. Welcome aboard!  Warm regards, [CEO/Founder Name] Chief Executive Officer [Company Name]  Section 2: Company Overview & Core Values 2.1 About [Company Name] [Company Name] was founded on the belief that innovation should serve people, empower communities, and elevate the standards of integrity in the workplace and","{'producer': 'macOS Version 15.5 (Build 24F74) Quartz PDFContext', 'creator': 'Word', 'creationdate': ""D:20250716221643Z00'00'"", 'title': 'employee_handbook', 'author': 'Aqdas Tanweer', 'moddate': ""D:20250716221643Z00'00'"", 'source': 'c:\\Users\\veerg\\OneDrive\\QuadrantInternship_TeamOne\\backend\\employee_handbook.pdf', 'total_pages': 82, 'page': 2, 'page_label': '3'}"
11,"the standards of integrity in the workplace and beyond. Since our founding in [Year], we’ve grown into a multidisciplinary organization focused on creating value through responsible technology, ethical leadership, and human-centered design.  We operate with a strong sense of purpose — not just to build exceptional products or services, but to do so while honoring the dignity of every person our work touches. From our teams to our clients and users, we aim to build trust, deliver impact, and","{'producer': 'macOS Version 15.5 (Build 24F74) Quartz PDFContext', 'creator': 'Word', 'creationdate': ""D:20250716221643Z00'00'"", 'title': 'employee_handbook', 'author': 'Aqdas Tanweer', 'moddate': ""D:20250716221643Z00'00'"", 'source': 'c:\\Users\\veerg\\OneDrive\\QuadrantInternship_TeamOne\\backend\\employee_handbook.pdf', 'total_pages': 82, 'page': 2, 'page_label': '3'}"
12,"users, we aim to build trust, deliver impact, and lead by example. Whether you’re joining our engineering team, HR department, research lab, creative studio, or operational staff, you play a vital role in shaping our mission. 2.2 Our Vision","{'producer': 'macOS Version 15.5 (Build 24F74) Quartz PDFContext', 'creator': 'Word', 'creationdate': ""D:20250716221643Z00'00'"", 'title': 'employee_handbook', 'author': 'Aqdas Tanweer', 'moddate': ""D:20250716221643Z00'00'"", 'source': 'c:\\Users\\veerg\\OneDrive\\QuadrantInternship_TeamOne\\backend\\employee_handbook.pdf', 'total_pages': 82, 'page': 2, 'page_label': '3'}"
13,"To become a globally recognized model of ethical innovation, diversity-driven culture, and inclusive leadership — using technology to solve meaningful problems, not just scale profit. 2.3 Our Purpose • To create tools and systems that enhance human life, not replace it. • To lead responsibly, putting people before processes. • To honor truth and transparency, especially in the age of automation and AI. • To build a workplace where every voice matters and growth is personal, collective, and","{'producer': 'macOS Version 15.5 (Build 24F74) Quartz PDFContext', 'creator': 'Word', 'creationdate': ""D:20250716221643Z00'00'"", 'title': 'employee_handbook', 'author': 'Aqdas Tanweer', 'moddate': ""D:20250716221643Z00'00'"", 'source': 'c:\\Users\\veerg\\OneDrive\\QuadrantInternship_TeamOne\\backend\\employee_handbook.pdf', 'total_pages': 82, 'page': 3, 'page_label': '4'}"
14,"matters and growth is personal, collective, and continuous. 2.4 Core Values Our values aren’t just listed here — they are practiced, discussed, and reflected in how we build, lead, and collaborate. They also form the foundation for training all AI systems we deploy internally.  Integrity We operate with uncompromising honesty, even when it’s hard or uncomfortable. We expect our employees, leadership, and even our AI systems to act transparently, ethically, and without deception. Mistakes happen","{'producer': 'macOS Version 15.5 (Build 24F74) Quartz PDFContext', 'creator': 'Word', 'creationdate': ""D:20250716221643Z00'00'"", 'title': 'employee_handbook', 'author': 'Aqdas Tanweer', 'moddate': ""D:20250716221643Z00'00'"", 'source': 'c:\\Users\\veerg\\OneDrive\\QuadrantInternship_TeamOne\\backend\\employee_handbook.pdf', 'total_pages': 82, 'page': 3, 'page_label': '4'}"
15,"ethically, and without deception. Mistakes happen — we own them, learn from them, and course correct.  Respect We treat every individual — regardless of title, tenure, or background — with dignity and compassion. We actively listen. We respect boundaries, differences in opinion, and identities. Respect shapes how we collaborate, offer feedback, and design inclusive AI experiences. Accountability We hold ourselves responsible for our actions, results, and behaviors. Accountability means","{'producer': 'macOS Version 15.5 (Build 24F74) Quartz PDFContext', 'creator': 'Word', 'creationdate': ""D:20250716221643Z00'00'"", 'title': 'employee_handbook', 'author': 'Aqdas Tanweer', 'moddate': ""D:20250716221643Z00'00'"", 'source': 'c:\\Users\\veerg\\OneDrive\\QuadrantInternship_TeamOne\\backend\\employee_handbook.pdf', 'total_pages': 82, 'page': 3, 'page_label': '4'}"
16,"results, and behaviors. Accountability means acknowledging what went well and what didn’t — without blame or avoidance. It’s how we earn trust internally and externally. Innovation We celebrate curiosity. We believe innovation happens at the intersection of bold thinking and real-world responsibility. Whether through human insight or AI augmentation, we seek progress that improves lives, not just systems. Empathy We lead with emotional intelligence. Empathy means understanding others’","{'producer': 'macOS Version 15.5 (Build 24F74) Quartz PDFContext', 'creator': 'Word', 'creationdate': ""D:20250716221643Z00'00'"", 'title': 'employee_handbook', 'author': 'Aqdas Tanweer', 'moddate': ""D:20250716221643Z00'00'"", 'source': 'c:\\Users\\veerg\\OneDrive\\QuadrantInternship_TeamOne\\backend\\employee_handbook.pdf', 'total_pages': 82, 'page': 3, 'page_label': '4'}"
17,"intelligence. Empathy means understanding others’ perspectives, challenges, and needs — and letting that awareness guide how we lead, design, and support one another.","{'producer': 'macOS Version 15.5 (Build 24F74) Quartz PDFContext', 'creator': 'Word', 'creationdate': ""D:20250716221643Z00'00'"", 'title': 'employee_handbook', 'author': 'Aqdas Tanweer', 'moddate': ""D:20250716221643Z00'00'"", 'source': 'c:\\Users\\veerg\\OneDrive\\QuadrantInternship_TeamOne\\backend\\employee_handbook.pdf', 'total_pages': 82, 'page': 3, 'page_label': '4'}"
18,"Inclusion Inclusion is more than representation — it’s intentional design. We commit to cultivating diverse teams, inclusive decision-making processes, and technologies that reflect the needs and voices of marginalized groups. Our AI systems are explicitly trained to avoid exclusionary language and biased behavior. Collaboration Success is shared. We build bridges between teams, departments, and individuals. We value knowledge-sharing, mentorship, and open problem-solving over siloed","{'producer': 'macOS Version 15.5 (Build 24F74) Quartz PDFContext', 'creator': 'Word', 'creationdate': ""D:20250716221643Z00'00'"", 'title': 'employee_handbook', 'author': 'Aqdas Tanweer', 'moddate': ""D:20250716221643Z00'00'"", 'source': 'c:\\Users\\veerg\\OneDrive\\QuadrantInternship_TeamOne\\backend\\employee_handbook.pdf', 'total_pages': 82, 'page': 4, 'page_label': '5'}"
19,"mentorship, and open problem-solving over siloed competition. Our AI tools are developed to enhance—not replace—human collaboration. Sustainability We design and operate with the future in mind. This includes environmental responsibility, but also the long-term health of our teams, projects, and partnerships. Sustainability also guides how we train and deploy AI, ensuring models are built for long-term alignment and safety. 2.5 How These Values Shape Our AI Systems Our AI tools — including our","{'producer': 'macOS Version 15.5 (Build 24F74) Quartz PDFContext', 'creator': 'Word', 'creationdate': ""D:20250716221643Z00'00'"", 'title': 'employee_handbook', 'author': 'Aqdas Tanweer', 'moddate': ""D:20250716221643Z00'00'"", 'source': 'c:\\Users\\veerg\\OneDrive\\QuadrantInternship_TeamOne\\backend\\employee_handbook.pdf', 'total_pages': 82, 'page': 4, 'page_label': '5'}"
20,"Shape Our AI Systems Our AI tools — including our internal chatbot and recommendation engines — are trained to reflect the same ethical framework as our human teams. That means: • Transparency: AI-generated responses must be clearly identified. • Fairness: AI should not replicate or reinforce biases. • Privacy: No sensitive employee information is ever surfaced or inferred. • Helpfulness: All AI systems must prioritize clarity, empathy, and usefulness. • Escalation: AI tools must defer to human","{'producer': 'macOS Version 15.5 (Build 24F74) Quartz PDFContext', 'creator': 'Word', 'creationdate': ""D:20250716221643Z00'00'"", 'title': 'employee_handbook', 'author': 'Aqdas Tanweer', 'moddate': ""D:20250716221643Z00'00'"", 'source': 'c:\\Users\\veerg\\OneDrive\\QuadrantInternship_TeamOne\\backend\\employee_handbook.pdf', 'total_pages': 82, 'page': 4, 'page_label': '5'}"
21,"• Escalation: AI tools must defer to human experts in sensitive or ethical matters. These standards are enforced through curated training data, prompt engineering, human oversight, and employee feedback. 2.6 What This Means for You • You are part of a mission that values both excellence and ethics. • Your ideas, perspectives, and questions matter — and help us get better. • You are encouraged to uphold and challenge our values in action, helping us evolve. • You will benefit from a workplace","{'producer': 'macOS Version 15.5 (Build 24F74) Quartz PDFContext', 'creator': 'Word', 'creationdate': ""D:20250716221643Z00'00'"", 'title': 'employee_handbook', 'author': 'Aqdas Tanweer', 'moddate': ""D:20250716221643Z00'00'"", 'source': 'c:\\Users\\veerg\\OneDrive\\QuadrantInternship_TeamOne\\backend\\employee_handbook.pdf', 'total_pages': 82, 'page': 4, 'page_label': '5'}"
22,"us evolve. • You will benefit from a workplace that commits not just to what’s efficient, but to what’s right. Together, we will continue building a workplace — and future — where technology, people, and purpose align.","{'producer': 'macOS Version 15.5 (Build 24F74) Quartz PDFContext', 'creator': 'Word', 'creationdate': ""D:20250716221643Z00'00'"", 'title': 'employee_handbook', 'author': 'Aqdas Tanweer', 'moddate': ""D:20250716221643Z00'00'"", 'source': 'c:\\Users\\veerg\\OneDrive\\QuadrantInternship_TeamOne\\backend\\employee_handbook.pdf', 'total_pages': 82, 'page': 4, 'page_label': '5'}"
23,"Section 3: Employee Policies At [Company Name], our employment policies are designed to promote fairness, clarity, and mutual accountability. We believe a strong foundation of clear expectations and employee rights enables trust, productivity, and long-term success. These policies apply to all employees — regardless of department, location, or employment status — unless otherwise stated. 3.1 Equal Employment Opportunity (EEO) [Company Name] is an equal opportunity employer. We are committed to","{'producer': 'macOS Version 15.5 (Build 24F74) Quartz PDFContext', 'creator': 'Word', 'creationdate': ""D:20250716221643Z00'00'"", 'title': 'employee_handbook', 'author': 'Aqdas Tanweer', 'moddate': ""D:20250716221643Z00'00'"", 'source': 'c:\\Users\\veerg\\OneDrive\\QuadrantInternship_TeamOne\\backend\\employee_handbook.pdf', 'total_pages': 82, 'page': 5, 'page_label': '6'}"
24,"equal opportunity employer. We are committed to fostering a workplace that is free from discrimination, harassment, and bias in all aspects of employment — including hiring, compensation, promotion, transfer, discipline, and termination. We do not discriminate based on race, color, national origin, religion, gender identity, sex, sexual orientation, age, disability, veteran status, genetic information, or any other protected category as defined by law. We also provide reasonable accommodations","{'producer': 'macOS Version 15.5 (Build 24F74) Quartz PDFContext', 'creator': 'Word', 'creationdate': ""D:20250716221643Z00'00'"", 'title': 'employee_handbook', 'author': 'Aqdas Tanweer', 'moddate': ""D:20250716221643Z00'00'"", 'source': 'c:\\Users\\veerg\\OneDrive\\QuadrantInternship_TeamOne\\backend\\employee_handbook.pdf', 'total_pages': 82, 'page': 5, 'page_label': '6'}"
25,"by law. We also provide reasonable accommodations for qualified individuals with disabilities, as required by applicable laws. Requests should be made through HR. 3.2 Employment Classification Understanding your employment classification is important for determining your eligibility for certain benefits, overtime pay, and job protections. We classify employees into the following categories: • Full-time: Employees regularly scheduled to work 30+ hours per week. Eligible for full benefits. •","{'producer': 'macOS Version 15.5 (Build 24F74) Quartz PDFContext', 'creator': 'Word', 'creationdate': ""D:20250716221643Z00'00'"", 'title': 'employee_handbook', 'author': 'Aqdas Tanweer', 'moddate': ""D:20250716221643Z00'00'"", 'source': 'c:\\Users\\veerg\\OneDrive\\QuadrantInternship_TeamOne\\backend\\employee_handbook.pdf', 'total_pages': 82, 'page': 5, 'page_label': '6'}"
26,30+ hours per week. Eligible for full benefits. • Part-time: Employees working fewer than 30 hours per week. Benefit eligibility may vary. • Temporary: Employees hired for a short-term assignment or project. Not eligible for most benefits. • Contractor: External worker engaged under a service agreement. Not considered employees under this handbook. • Intern: Students or trainees working for a limited period. Program-specific benefits and policies apply. All employees are further designated as,"{'producer': 'macOS Version 15.5 (Build 24F74) Quartz PDFContext', 'creator': 'Word', 'creationdate': ""D:20250716221643Z00'00'"", 'title': 'employee_handbook', 'author': 'Aqdas Tanweer', 'moddate': ""D:20250716221643Z00'00'"", 'source': 'c:\\Users\\veerg\\OneDrive\\QuadrantInternship_TeamOne\\backend\\employee_handbook.pdf', 'total_pages': 82, 'page': 5, 'page_label': '6'}"
27,apply. All employees are further designated as exempt (not eligible for overtime) or non-exempt (eligible for overtime) based on Fair Labor Standards Act (FLSA) regulations. 3.3 At-Will Employment Disclaimer,"{'producer': 'macOS Version 15.5 (Build 24F74) Quartz PDFContext', 'creator': 'Word', 'creationdate': ""D:20250716221643Z00'00'"", 'title': 'employee_handbook', 'author': 'Aqdas Tanweer', 'moddate': ""D:20250716221643Z00'00'"", 'source': 'c:\\Users\\veerg\\OneDrive\\QuadrantInternship_TeamOne\\backend\\employee_handbook.pdf', 'total_pages': 82, 'page': 5, 'page_label': '6'}"
28,"Unless covered by a specific written agreement approved by executive leadership, employment at [Company Name] is at-will. This means that either you or the company may terminate the employment relationship at any time, with or without cause or notice. Nothing in this handbook or company communication alters this at-will status. 3.4 Onboarding & Orientation Our onboarding process is designed to help new employees integrate smoothly into the company, understand their responsibilities, and access","{'producer': 'macOS Version 15.5 (Build 24F74) Quartz PDFContext', 'creator': 'Word', 'creationdate': ""D:20250716221643Z00'00'"", 'title': 'employee_handbook', 'author': 'Aqdas Tanweer', 'moddate': ""D:20250716221643Z00'00'"", 'source': 'c:\\Users\\veerg\\OneDrive\\QuadrantInternship_TeamOne\\backend\\employee_handbook.pdf', 'total_pages': 82, 'page': 6, 'page_label': '7'}"
29,"understand their responsibilities, and access key resources. New employees can expect: • A welcome email with their start date, point of contact, and onboarding checklist • Initial orientation session covering culture, policies, systems, and expectations • Direct introductions to their team and manager • Access to required systems, hardware, and company accounts • Initial training on internal tools, documentation, and security protocols • Assignment of an onboarding buddy (optional but","{'producer': 'macOS Version 15.5 (Build 24F74) Quartz PDFContext', 'creator': 'Word', 'creationdate': ""D:20250716221643Z00'00'"", 'title': 'employee_handbook', 'author': 'Aqdas Tanweer', 'moddate': ""D:20250716221643Z00'00'"", 'source': 'c:\\Users\\veerg\\OneDrive\\QuadrantInternship_TeamOne\\backend\\employee_handbook.pdf', 'total_pages': 82, 'page': 6, 'page_label': '7'}"
30,"• Assignment of an onboarding buddy (optional but recommended) Onboarding is typically completed within the first 30–60 days, but support continues beyond that. 3.5 Employment Eligibility Verification In compliance with national and local laws, all employees must complete documentation to verify their legal right to work. This includes: • A government-issued ID and/or passport • Completion of Form I-9 (for U.S. employees) • Background checks or additional screening, if required by the role","{'producer': 'macOS Version 15.5 (Build 24F74) Quartz PDFContext', 'creator': 'Word', 'creationdate': ""D:20250716221643Z00'00'"", 'title': 'employee_handbook', 'author': 'Aqdas Tanweer', 'moddate': ""D:20250716221643Z00'00'"", 'source': 'c:\\Users\\veerg\\OneDrive\\QuadrantInternship_TeamOne\\backend\\employee_handbook.pdf', 'total_pages': 82, 'page': 6, 'page_label': '7'}"
31,"or additional screening, if required by the role Failure to submit required documentation in a timely manner may delay start date or result in rescinded offers. 3.6 Transfers, Promotions & Internal Mobility We encourage internal mobility and career growth. Employees may apply for open roles within the organization through our internal job board or Talent Development Program. To be considered for internal roles: • You must be in good standing with no ongoing disciplinary actions • You must have","{'producer': 'macOS Version 15.5 (Build 24F74) Quartz PDFContext', 'creator': 'Word', 'creationdate': ""D:20250716221643Z00'00'"", 'title': 'employee_handbook', 'author': 'Aqdas Tanweer', 'moddate': ""D:20250716221643Z00'00'"", 'source': 'c:\\Users\\veerg\\OneDrive\\QuadrantInternship_TeamOne\\backend\\employee_handbook.pdf', 'total_pages': 82, 'page': 6, 'page_label': '7'}"
32,no ongoing disciplinary actions • You must have completed at least 6 months in your current role (unless waived) • Your current manager may be consulted before an offer is extended,"{'producer': 'macOS Version 15.5 (Build 24F74) Quartz PDFContext', 'creator': 'Word', 'creationdate': ""D:20250716221643Z00'00'"", 'title': 'employee_handbook', 'author': 'Aqdas Tanweer', 'moddate': ""D:20250716221643Z00'00'"", 'source': 'c:\\Users\\veerg\\OneDrive\\QuadrantInternship_TeamOne\\backend\\employee_handbook.pdf', 'total_pages': 82, 'page': 6, 'page_label': '7'}"
33,Our goal is to retain talent by creating opportunities for continuous learning and advancement. 3.7 Employee Records & Privacy HR maintains a secure file for every employee. This includes: • Contact and emergency information • Job title and compensation • Performance evaluations • Disciplinary records (if any) Employees may review their own records upon request. All records are kept confidential and only shared internally on a need-to-know basis. AI systems do not access this information unless,"{'producer': 'macOS Version 15.5 (Build 24F74) Quartz PDFContext', 'creator': 'Word', 'creationdate': ""D:20250716221643Z00'00'"", 'title': 'employee_handbook', 'author': 'Aqdas Tanweer', 'moddate': ""D:20250716221643Z00'00'"", 'source': 'c:\\Users\\veerg\\OneDrive\\QuadrantInternship_TeamOne\\backend\\employee_handbook.pdf', 'total_pages': 82, 'page': 7, 'page_label': '8'}"
34,"AI systems do not access this information unless anonymized and explicitly permitted by policy. 3.8 Changes to Employment Policies [Company Name] reserves the right to modify these policies at any time, in compliance with applicable laws. Changes will be communicated clearly via email, internal portal, or official handbook updates. Employees are responsible for staying informed about these updates. AI Alignment Note This section informs the AI chatbot about legal definitions of employment","{'producer': 'macOS Version 15.5 (Build 24F74) Quartz PDFContext', 'creator': 'Word', 'creationdate': ""D:20250716221643Z00'00'"", 'title': 'employee_handbook', 'author': 'Aqdas Tanweer', 'moddate': ""D:20250716221643Z00'00'"", 'source': 'c:\\Users\\veerg\\OneDrive\\QuadrantInternship_TeamOne\\backend\\employee_handbook.pdf', 'total_pages': 82, 'page': 7, 'page_label': '8'}"
35,"AI chatbot about legal definitions of employment types, expectations, and processes. The chatbot must never provide legal interpretations or employment guarantees. It should always direct employees to HR for sensitive or contractual matters.  Section 4: Compensation & Benefits At [Company Name], we believe compensation is more than just a paycheck — it’s a reflection of our respect for your time, talent, and impact. Alongside fair and competitive salaries, we offer a comprehensive benefits","{'producer': 'macOS Version 15.5 (Build 24F74) Quartz PDFContext', 'creator': 'Word', 'creationdate': ""D:20250716221643Z00'00'"", 'title': 'employee_handbook', 'author': 'Aqdas Tanweer', 'moddate': ""D:20250716221643Z00'00'"", 'source': 'c:\\Users\\veerg\\OneDrive\\QuadrantInternship_TeamOne\\backend\\employee_handbook.pdf', 'total_pages': 82, 'page': 7, 'page_label': '8'}"
36,"salaries, we offer a comprehensive benefits package that supports your physical, mental, and financial well-being. This section outlines our approach to pay, bonuses, benefits, and other forms of compensation, as well as how this information is handled and supported across the company.  4.1 Compensation Philosophy Our compensation philosophy is grounded in four principles: 1. Equity – All employees are paid fairly for their work, regardless of background, gender, ethnicity, or any other","{'producer': 'macOS Version 15.5 (Build 24F74) Quartz PDFContext', 'creator': 'Word', 'creationdate': ""D:20250716221643Z00'00'"", 'title': 'employee_handbook', 'author': 'Aqdas Tanweer', 'moddate': ""D:20250716221643Z00'00'"", 'source': 'c:\\Users\\veerg\\OneDrive\\QuadrantInternship_TeamOne\\backend\\employee_handbook.pdf', 'total_pages': 82, 'page': 7, 'page_label': '8'}"
37,"of background, gender, ethnicity, or any other protected category.","{'producer': 'macOS Version 15.5 (Build 24F74) Quartz PDFContext', 'creator': 'Word', 'creationdate': ""D:20250716221643Z00'00'"", 'title': 'employee_handbook', 'author': 'Aqdas Tanweer', 'moddate': ""D:20250716221643Z00'00'"", 'source': 'c:\\Users\\veerg\\OneDrive\\QuadrantInternship_TeamOne\\backend\\employee_handbook.pdf', 'total_pages': 82, 'page': 7, 'page_label': '8'}"
38,"2. Transparency – We aim to be clear about how pay is determined and how employees can grow financially over time. 3. Market Competitiveness – We benchmark salaries against industry standards and adjust ranges regularly. 4. Recognition – Compensation should reflect both role expectations and individual contributions. We regularly review compensation practices to ensure alignment with company performance, inflation rates, and evolving roles. 4.2 Salary Bands & Pay Transparency Every position at","{'producer': 'macOS Version 15.5 (Build 24F74) Quartz PDFContext', 'creator': 'Word', 'creationdate': ""D:20250716221643Z00'00'"", 'title': 'employee_handbook', 'author': 'Aqdas Tanweer', 'moddate': ""D:20250716221643Z00'00'"", 'source': 'c:\\Users\\veerg\\OneDrive\\QuadrantInternship_TeamOne\\backend\\employee_handbook.pdf', 'total_pages': 82, 'page': 8, 'page_label': '9'}"
39,"Salary Bands & Pay Transparency Every position at [Company Name] is assigned to a salary band — a pay range based on market data, internal equity, and role complexity. These bands help guide promotions, ensure consistency, and provide career growth visibility. • Salary bands are reviewed annually by HR and leadership. • Managers receive training on pay equity and how to discuss compensation. • Employees can request to see the salary range for their role, and any open roles, at any time. Note:","{'producer': 'macOS Version 15.5 (Build 24F74) Quartz PDFContext', 'creator': 'Word', 'creationdate': ""D:20250716221643Z00'00'"", 'title': 'employee_handbook', 'author': 'Aqdas Tanweer', 'moddate': ""D:20250716221643Z00'00'"", 'source': 'c:\\Users\\veerg\\OneDrive\\QuadrantInternship_TeamOne\\backend\\employee_handbook.pdf', 'total_pages': 82, 'page': 8, 'page_label': '9'}"
40,"role, and any open roles, at any time. Note: The AI chatbot will not provide specific salary numbers but can explain banding and point employees to HR or appropriate portals for details. 4.3 Payroll Schedule & Methods Employees are paid on a biweekly basis, typically every other Friday. • Full-time & part-time employees are paid via direct deposit. • Pay stubs are available through our payroll portal (instructions can be requested from the chatbot). • If a holiday delays payroll, an alternate","{'producer': 'macOS Version 15.5 (Build 24F74) Quartz PDFContext', 'creator': 'Word', 'creationdate': ""D:20250716221643Z00'00'"", 'title': 'employee_handbook', 'author': 'Aqdas Tanweer', 'moddate': ""D:20250716221643Z00'00'"", 'source': 'c:\\Users\\veerg\\OneDrive\\QuadrantInternship_TeamOne\\backend\\employee_handbook.pdf', 'total_pages': 82, 'page': 8, 'page_label': '9'}"
41,"• If a holiday delays payroll, an alternate pay date will be communicated. Pay stubs include: • Hours worked (if applicable) • Regular wages, overtime, bonuses • Federal, state, and local tax withholdings • Benefit deductions and net pay Errors in pay should be reported to payroll@company.com or the HR department immediately. 4.4 Overtime & Extra Hours","{'producer': 'macOS Version 15.5 (Build 24F74) Quartz PDFContext', 'creator': 'Word', 'creationdate': ""D:20250716221643Z00'00'"", 'title': 'employee_handbook', 'author': 'Aqdas Tanweer', 'moddate': ""D:20250716221643Z00'00'"", 'source': 'c:\\Users\\veerg\\OneDrive\\QuadrantInternship_TeamOne\\backend\\employee_handbook.pdf', 'total_pages': 82, 'page': 8, 'page_label': '9'}"
42,Employees classified as non-exempt are eligible for overtime per federal and state labor laws. Overtime is paid at 1.5 times the regular hourly rate for hours worked beyond 40 in a workweek. • Overtime must be pre-approved by your supervisor. • Time tracking must be accurate and submitted weekly. • Working “off the clock” is strictly prohibited and can result in disciplinary action. Exempt employees are not eligible for overtime under most circumstances. 4.5 Performance-Based Compensation We,"{'producer': 'macOS Version 15.5 (Build 24F74) Quartz PDFContext', 'creator': 'Word', 'creationdate': ""D:20250716221643Z00'00'"", 'title': 'employee_handbook', 'author': 'Aqdas Tanweer', 'moddate': ""D:20250716221643Z00'00'"", 'source': 'c:\\Users\\veerg\\OneDrive\\QuadrantInternship_TeamOne\\backend\\employee_handbook.pdf', 'total_pages': 82, 'page': 9, 'page_label': '10'}"
43,"4.5 Performance-Based Compensation We recognize and reward results. Performance-based pay may include: • Annual performance bonuses: Linked to employee evaluations and company profit. • Spot bonuses: For project completions, team contributions, or outstanding service. • Equity awards or stock options (role-dependent) • Referral bonuses: For recommending successful hires. Each department may have its own bonus structure. Details are typically discussed during performance reviews or at the time","{'producer': 'macOS Version 15.5 (Build 24F74) Quartz PDFContext', 'creator': 'Word', 'creationdate': ""D:20250716221643Z00'00'"", 'title': 'employee_handbook', 'author': 'Aqdas Tanweer', 'moddate': ""D:20250716221643Z00'00'"", 'source': 'c:\\Users\\veerg\\OneDrive\\QuadrantInternship_TeamOne\\backend\\employee_handbook.pdf', 'total_pages': 82, 'page': 9, 'page_label': '10'}"
44,"during performance reviews or at the time of offer. 4.6 Benefits Eligibility Most full-time employees become eligible for benefits on the first day of the month following 30 days of employment. Some benefits may be available sooner depending on role and location. Classification Benefits Eligibility Full-time Full medical, dental, vision, life insurance, PTO, 401(k), etc. Part-time May be eligible for limited benefits based on hours worked Interns Eligible for learning resources, time-off","{'producer': 'macOS Version 15.5 (Build 24F74) Quartz PDFContext', 'creator': 'Word', 'creationdate': ""D:20250716221643Z00'00'"", 'title': 'employee_handbook', 'author': 'Aqdas Tanweer', 'moddate': ""D:20250716221643Z00'00'"", 'source': 'c:\\Users\\veerg\\OneDrive\\QuadrantInternship_TeamOne\\backend\\employee_handbook.pdf', 'total_pages': 82, 'page': 9, 'page_label': '10'}"
45,"Interns Eligible for learning resources, time-off flexibility, some reimbursements Contractors Not eligible for employee benefits unless contractually specified You’ll receive a comprehensive benefits guide upon hiring and during annual open enrollment. 4.7 Mental Health & Wellness Benefits We strongly believe mental well-being is as important as physical health. Our benefits include: • Employee Assistance Program (EAP): 24/7 confidential support for emotional, financial, or family matters. •","{'producer': 'macOS Version 15.5 (Build 24F74) Quartz PDFContext', 'creator': 'Word', 'creationdate': ""D:20250716221643Z00'00'"", 'title': 'employee_handbook', 'author': 'Aqdas Tanweer', 'moddate': ""D:20250716221643Z00'00'"", 'source': 'c:\\Users\\veerg\\OneDrive\\QuadrantInternship_TeamOne\\backend\\employee_handbook.pdf', 'total_pages': 82, 'page': 9, 'page_label': '10'}"
46,"for emotional, financial, or family matters. • Free or subsidized therapy sessions via partnered platforms. • Wellness stipends: For meditation apps, gym memberships, or wellness events. • Mental health days: Paid time off specifically for recovery and rest (does not count against PTO).","{'producer': 'macOS Version 15.5 (Build 24F74) Quartz PDFContext', 'creator': 'Word', 'creationdate': ""D:20250716221643Z00'00'"", 'title': 'employee_handbook', 'author': 'Aqdas Tanweer', 'moddate': ""D:20250716221643Z00'00'"", 'source': 'c:\\Users\\veerg\\OneDrive\\QuadrantInternship_TeamOne\\backend\\employee_handbook.pdf', 'total_pages': 82, 'page': 9, 'page_label': '10'}"
47,"• Burnout support: Proactive resources and HR coaching available to employees showing signs of stress. If you need urgent support, contact the wellness team at wellbeing@company.com or use the chatbot to access the mental health directory. 4.8 Medical, Dental & Vision Plans We offer a range of plan options to meet employee needs, including: Medical Plans: • Preferred Provider Organization (PPO) • Health Maintenance Organization (HMO) • High-Deductible Health Plan (HDHP) with HSA options Dental &","{'producer': 'macOS Version 15.5 (Build 24F74) Quartz PDFContext', 'creator': 'Word', 'creationdate': ""D:20250716221643Z00'00'"", 'title': 'employee_handbook', 'author': 'Aqdas Tanweer', 'moddate': ""D:20250716221643Z00'00'"", 'source': 'c:\\Users\\veerg\\OneDrive\\QuadrantInternship_TeamOne\\backend\\employee_handbook.pdf', 'total_pages': 82, 'page': 10, 'page_label': '11'}"
48,"Health Plan (HDHP) with HSA options Dental & Vision Plans: • Preventive and major dental coverage • Eye exams, frames, lenses, contact lenses Extras: • Telemedicine and nurse hotlines • Maternity, fertility, and gender-affirming care coverage • Chronic illness management and care coordination [Company Name] covers a substantial portion of premiums and offers options for dependents and domestic partners. 4.9 Retirement & Financial Planning Planning for your future is important. We support","{'producer': 'macOS Version 15.5 (Build 24F74) Quartz PDFContext', 'creator': 'Word', 'creationdate': ""D:20250716221643Z00'00'"", 'title': 'employee_handbook', 'author': 'Aqdas Tanweer', 'moddate': ""D:20250716221643Z00'00'"", 'source': 'c:\\Users\\veerg\\OneDrive\\QuadrantInternship_TeamOne\\backend\\employee_handbook.pdf', 'total_pages': 82, 'page': 10, 'page_label': '11'}"
49,"Planning for your future is important. We support long-term financial wellness through: • 401(k) with employer match: Available after [X] days of employment • Roth and Traditional options with auto-enrollment • Financial wellness programs: Workshops, 1:1 coaching, and planning tools • Emergency savings assistance: Microgrants or interest-free loans (based on approval) Our retirement vendor offers a self-service portal for investment selection, contribution changes, and performance tracking.","{'producer': 'macOS Version 15.5 (Build 24F74) Quartz PDFContext', 'creator': 'Word', 'creationdate': ""D:20250716221643Z00'00'"", 'title': 'employee_handbook', 'author': 'Aqdas Tanweer', 'moddate': ""D:20250716221643Z00'00'"", 'source': 'c:\\Users\\veerg\\OneDrive\\QuadrantInternship_TeamOne\\backend\\employee_handbook.pdf', 'total_pages': 82, 'page': 10, 'page_label': '11'}"
50,"contribution changes, and performance tracking. 4.10 Commuter & Reimbursement Benefits Depending on your location, you may be eligible for:","{'producer': 'macOS Version 15.5 (Build 24F74) Quartz PDFContext', 'creator': 'Word', 'creationdate': ""D:20250716221643Z00'00'"", 'title': 'employee_handbook', 'author': 'Aqdas Tanweer', 'moddate': ""D:20250716221643Z00'00'"", 'source': 'c:\\Users\\veerg\\OneDrive\\QuadrantInternship_TeamOne\\backend\\employee_handbook.pdf', 'total_pages': 82, 'page': 10, 'page_label': '11'}"
51,"• Commuter reimbursement: For public transit, parking, or rideshare expenses • Home office stipends: For hybrid/remote employees • Tuition reimbursement: For courses related to job development (pre-approval required) • Professional development: Company-paid certifications, licenses, and workshops All reimbursements must follow the Expense Policy (see Section 11). 4.11 Open Enrollment & Life Events Open Enrollment occurs annually in [Month] and allows employees to: • Enroll in or change benefit","{'producer': 'macOS Version 15.5 (Build 24F74) Quartz PDFContext', 'creator': 'Word', 'creationdate': ""D:20250716221643Z00'00'"", 'title': 'employee_handbook', 'author': 'Aqdas Tanweer', 'moddate': ""D:20250716221643Z00'00'"", 'source': 'c:\\Users\\veerg\\OneDrive\\QuadrantInternship_TeamOne\\backend\\employee_handbook.pdf', 'total_pages': 82, 'page': 11, 'page_label': '12'}"
52,"employees to: • Enroll in or change benefit plans • Add/remove dependents • Choose new coverage for the following year Life Events such as marriage, divorce, birth, adoption, or loss of coverage qualify you for a Special Enrollment Period. You must notify HR within 30 days of the event to make benefit changes. AI Alignment Note The company’s internal AI systems (e.g., chatbots) may be trained to explain general benefit policies, direct employees to forms or portals, and answer FAQs. However,","{'producer': 'macOS Version 15.5 (Build 24F74) Quartz PDFContext', 'creator': 'Word', 'creationdate': ""D:20250716221643Z00'00'"", 'title': 'employee_handbook', 'author': 'Aqdas Tanweer', 'moddate': ""D:20250716221643Z00'00'"", 'source': 'c:\\Users\\veerg\\OneDrive\\QuadrantInternship_TeamOne\\backend\\employee_handbook.pdf', 'total_pages': 82, 'page': 11, 'page_label': '12'}"
53,"to forms or portals, and answer FAQs. However, they are not authorized to: • Access personal compensation records • Provide investment or tax advice • Confirm eligibility for specific medical procedures All sensitive or personalized inquiries must be directed to HR or the Benefits Administrator.  Section 5: Time Off & Leave Policies At [Company Name], we recognize that rest, personal time, and life events are essential to employee well-being and long-term success. Our time off policies are","{'producer': 'macOS Version 15.5 (Build 24F74) Quartz PDFContext', 'creator': 'Word', 'creationdate': ""D:20250716221643Z00'00'"", 'title': 'employee_handbook', 'author': 'Aqdas Tanweer', 'moddate': ""D:20250716221643Z00'00'"", 'source': 'c:\\Users\\veerg\\OneDrive\\QuadrantInternship_TeamOne\\backend\\employee_handbook.pdf', 'total_pages': 82, 'page': 11, 'page_label': '12'}"
54,"and long-term success. Our time off policies are designed to be fair, flexible, and inclusive of diverse personal needs. This section outlines the different types of paid and unpaid leave available, how to request time off, and how our systems track and manage absences. 5.1 Paid Time Off (PTO) Our Paid Time Off (PTO) policy provides flexible paid leave that can be used for:","{'producer': 'macOS Version 15.5 (Build 24F74) Quartz PDFContext', 'creator': 'Word', 'creationdate': ""D:20250716221643Z00'00'"", 'title': 'employee_handbook', 'author': 'Aqdas Tanweer', 'moddate': ""D:20250716221643Z00'00'"", 'source': 'c:\\Users\\veerg\\OneDrive\\QuadrantInternship_TeamOne\\backend\\employee_handbook.pdf', 'total_pages': 82, 'page': 11, 'page_label': '12'}"
55,"• Vacation or travel • Personal days • Mental health days • Religious observances • Non-medical emergencies  Accrual & Eligibility:  • Full-time employees begin accruing PTO from their first day. • PTO accrues at [e.g., 1.5 days per month], or [X] hours per pay period. • Unused PTO rolls over up to a cap of [e.g., 120 hours/year]. • Part-time employees may accrue PTO on a pro-rated basis. Requesting PTO: • Submit requests via the HR portal or timekeeping system at least 2 weeks in advance when","{'producer': 'macOS Version 15.5 (Build 24F74) Quartz PDFContext', 'creator': 'Word', 'creationdate': ""D:20250716221643Z00'00'"", 'title': 'employee_handbook', 'author': 'Aqdas Tanweer', 'moddate': ""D:20250716221643Z00'00'"", 'source': 'c:\\Users\\veerg\\OneDrive\\QuadrantInternship_TeamOne\\backend\\employee_handbook.pdf', 'total_pages': 82, 'page': 12, 'page_label': '13'}"
56,"system at least 2 weeks in advance when possible. • PTO must be approved by your direct supervisor. • PTO conflicts (e.g., multiple team members requesting the same days off) will be resolved on a first-come, first-approved basis or based on business needs. Blackout Dates: Certain departments may have blackout periods (e.g., end-of-quarter, product launches) during which PTO is limited. Your manager will communicate these dates in advance. 5.2 Sick Leave We provide paid sick leave to help you","{'producer': 'macOS Version 15.5 (Build 24F74) Quartz PDFContext', 'creator': 'Word', 'creationdate': ""D:20250716221643Z00'00'"", 'title': 'employee_handbook', 'author': 'Aqdas Tanweer', 'moddate': ""D:20250716221643Z00'00'"", 'source': 'c:\\Users\\veerg\\OneDrive\\QuadrantInternship_TeamOne\\backend\\employee_handbook.pdf', 'total_pages': 82, 'page': 12, 'page_label': '13'}"
57,"Sick Leave We provide paid sick leave to help you recover from illness or care for a sick dependent without the stress of lost income. Key Points: • Sick leave is separate from PTO and is accrued at a rate of [e.g., 1 hour per 30 hours worked], unless a flat annual balance is provided. • Acceptable use includes your own illness, injury, doctor appointments, or caring for a child, partner, or family member who is ill. • For absences longer than 3 consecutive days, HR may require a doctor’s note","{'producer': 'macOS Version 15.5 (Build 24F74) Quartz PDFContext', 'creator': 'Word', 'creationdate': ""D:20250716221643Z00'00'"", 'title': 'employee_handbook', 'author': 'Aqdas Tanweer', 'moddate': ""D:20250716221643Z00'00'"", 'source': 'c:\\Users\\veerg\\OneDrive\\QuadrantInternship_TeamOne\\backend\\employee_handbook.pdf', 'total_pages': 82, 'page': 12, 'page_label': '13'}"
58,"consecutive days, HR may require a doctor’s note or medical documentation. Confidentiality: All health-related information is kept strictly confidential and is never used against you in performance or promotion decisions.","{'producer': 'macOS Version 15.5 (Build 24F74) Quartz PDFContext', 'creator': 'Word', 'creationdate': ""D:20250716221643Z00'00'"", 'title': 'employee_handbook', 'author': 'Aqdas Tanweer', 'moddate': ""D:20250716221643Z00'00'"", 'source': 'c:\\Users\\veerg\\OneDrive\\QuadrantInternship_TeamOne\\backend\\employee_handbook.pdf', 'total_pages': 82, 'page': 12, 'page_label': '13'}"
59,"5.3 Parental Leave We are proud to support parents through paid and unpaid parental leave. Eligibility: • Available to all employees who have been with the company for at least 6 months. • Applies to birth parents, non-birth parents, adoptive parents, and foster caregivers. Coverage: • Up to 12 weeks of paid parental leave for birth, adoption, or foster placement. • Employees may also take an additional unpaid leave period if needed (in accordance with FMLA or local laws). • Parental leave must","{'producer': 'macOS Version 15.5 (Build 24F74) Quartz PDFContext', 'creator': 'Word', 'creationdate': ""D:20250716221643Z00'00'"", 'title': 'employee_handbook', 'author': 'Aqdas Tanweer', 'moddate': ""D:20250716221643Z00'00'"", 'source': 'c:\\Users\\veerg\\OneDrive\\QuadrantInternship_TeamOne\\backend\\employee_handbook.pdf', 'total_pages': 82, 'page': 13, 'page_label': '14'}"
60,"with FMLA or local laws). • Parental leave must be requested at least 30 days in advance (if foreseeable). Transition Support: • Optional phased return (e.g., reduced hours) for the first 2–4 weeks back. • Access to childcare support resources and parenting groups. 5.4 Bereavement Leave We offer bereavement leave to support employees in the event of a death in the family. • Up to 5 paid days for immediate family (parent, spouse, sibling, child, grandparent). • Up to 2 paid days for extended","{'producer': 'macOS Version 15.5 (Build 24F74) Quartz PDFContext', 'creator': 'Word', 'creationdate': ""D:20250716221643Z00'00'"", 'title': 'employee_handbook', 'author': 'Aqdas Tanweer', 'moddate': ""D:20250716221643Z00'00'"", 'source': 'c:\\Users\\veerg\\OneDrive\\QuadrantInternship_TeamOne\\backend\\employee_handbook.pdf', 'total_pages': 82, 'page': 13, 'page_label': '14'}"
61,grandparent). • Up to 2 paid days for extended family or close friends. • Additional unpaid time may be requested at the manager’s discretion. • Grief counseling is available through the Employee Assistance Program (EAP). 5.5 Religious & Cultural Leave We honor cultural and religious diversity and encourage employees to observe meaningful holidays. • Employees may use PTO for religious holidays not observed company-wide. • Floating holidays may be provided as a substitute for federal holidays,"{'producer': 'macOS Version 15.5 (Build 24F74) Quartz PDFContext', 'creator': 'Word', 'creationdate': ""D:20250716221643Z00'00'"", 'title': 'employee_handbook', 'author': 'Aqdas Tanweer', 'moddate': ""D:20250716221643Z00'00'"", 'source': 'c:\\Users\\veerg\\OneDrive\\QuadrantInternship_TeamOne\\backend\\employee_handbook.pdf', 'total_pages': 82, 'page': 13, 'page_label': '14'}"
62,"be provided as a substitute for federal holidays you do not celebrate. • Speak with HR to request a cultural accommodation. 5.6 Jury Duty & Civic Responsibilities We support civic engagement, including: • Jury duty: Paid leave is provided for the duration of your service. Submit a court-issued notice to HR as soon as possible.","{'producer': 'macOS Version 15.5 (Build 24F74) Quartz PDFContext', 'creator': 'Word', 'creationdate': ""D:20250716221643Z00'00'"", 'title': 'employee_handbook', 'author': 'Aqdas Tanweer', 'moddate': ""D:20250716221643Z00'00'"", 'source': 'c:\\Users\\veerg\\OneDrive\\QuadrantInternship_TeamOne\\backend\\employee_handbook.pdf', 'total_pages': 82, 'page': 13, 'page_label': '14'}"
63,"• Voting leave: If your work schedule prevents you from voting, reasonable paid time off will be granted to cast your ballot in local, state, or national elections. 5.7 Family & Medical Leave (FMLA) Eligible employees may request up to 12 weeks of unpaid, job-protected leave per year for: • Serious health conditions (yours or a family member’s) • Childbirth, adoption, or foster care placement • Certain situations related to a family member’s military service Eligibility: • 12+ months of","{'producer': 'macOS Version 15.5 (Build 24F74) Quartz PDFContext', 'creator': 'Word', 'creationdate': ""D:20250716221643Z00'00'"", 'title': 'employee_handbook', 'author': 'Aqdas Tanweer', 'moddate': ""D:20250716221643Z00'00'"", 'source': 'c:\\Users\\veerg\\OneDrive\\QuadrantInternship_TeamOne\\backend\\employee_handbook.pdf', 'total_pages': 82, 'page': 14, 'page_label': '15'}"
64,"military service Eligibility: • 12+ months of employment • 1,250+ hours worked in the past 12 months Requests should be submitted in writing to HR with as much notice as possible. Health certification may be required. 5.8 Educational Leave In certain cases, employees may request unpaid educational leave to pursue academic or certification programs that align with their role or career goals. • Educational leave requests require 60-day advance notice. • Leave approval is based on role coverage","{'producer': 'macOS Version 15.5 (Build 24F74) Quartz PDFContext', 'creator': 'Word', 'creationdate': ""D:20250716221643Z00'00'"", 'title': 'employee_handbook', 'author': 'Aqdas Tanweer', 'moddate': ""D:20250716221643Z00'00'"", 'source': 'c:\\Users\\veerg\\OneDrive\\QuadrantInternship_TeamOne\\backend\\employee_handbook.pdf', 'total_pages': 82, 'page': 14, 'page_label': '15'}"
65,"• Leave approval is based on role coverage and program relevance. • Employees may retain access to benefits during this period (depending on length and plan). 5.9 Military Leave Employees called to active duty or military training are entitled to time off in accordance with the Uniformed Services Employment and Reemployment Rights Act (USERRA). • Submit documentation to HR as soon as you are notified. • Military leave is unpaid, but benefits may continue during service. • Upon return, employees","{'producer': 'macOS Version 15.5 (Build 24F74) Quartz PDFContext', 'creator': 'Word', 'creationdate': ""D:20250716221643Z00'00'"", 'title': 'employee_handbook', 'author': 'Aqdas Tanweer', 'moddate': ""D:20250716221643Z00'00'"", 'source': 'c:\\Users\\veerg\\OneDrive\\QuadrantInternship_TeamOne\\backend\\employee_handbook.pdf', 'total_pages': 82, 'page': 14, 'page_label': '15'}"
66,"continue during service. • Upon return, employees are entitled to reinstatement in their prior role or an equivalent one. 5.10 Leave Tracking & Self-Service Tools All time off must be tracked using the company’s HRIS system or time management portal. You can: • View your current PTO balance • Submit leave requests","{'producer': 'macOS Version 15.5 (Build 24F74) Quartz PDFContext', 'creator': 'Word', 'creationdate': ""D:20250716221643Z00'00'"", 'title': 'employee_handbook', 'author': 'Aqdas Tanweer', 'moddate': ""D:20250716221643Z00'00'"", 'source': 'c:\\Users\\veerg\\OneDrive\\QuadrantInternship_TeamOne\\backend\\employee_handbook.pdf', 'total_pages': 82, 'page': 14, 'page_label': '15'}"
67,"• Monitor approval status • See holiday schedules The AI chatbot can assist with: • “How many PTO hours do I have left?” • “Where do I request time off?” • “What’s the policy for bereavement?” However, it will not handle approvals or access private health or family details. 5.11 Privacy & Documentation All leave-related communications — especially regarding health, family, or legal issues — are handled with strict confidentiality. Documentation, if required, should be sent directly to","{'producer': 'macOS Version 15.5 (Build 24F74) Quartz PDFContext', 'creator': 'Word', 'creationdate': ""D:20250716221643Z00'00'"", 'title': 'employee_handbook', 'author': 'Aqdas Tanweer', 'moddate': ""D:20250716221643Z00'00'"", 'source': 'c:\\Users\\veerg\\OneDrive\\QuadrantInternship_TeamOne\\backend\\employee_handbook.pdf', 'total_pages': 82, 'page': 15, 'page_label': '16'}"
68,"if required, should be sent directly to HR@company.com and not discussed with non-authorized personnel. AI Alignment Note AI systems trained on this section must: • Provide general guidance on leave types and eligibility • Never give legal interpretations or health-specific advice • Always redirect to HR for case-specific questions • Avoid assumptions about personal or protected information  Section 6: Code of Conduct & Ethics At [Company Name], we hold ourselves to the highest standards of","{'producer': 'macOS Version 15.5 (Build 24F74) Quartz PDFContext', 'creator': 'Word', 'creationdate': ""D:20250716221643Z00'00'"", 'title': 'employee_handbook', 'author': 'Aqdas Tanweer', 'moddate': ""D:20250716221643Z00'00'"", 'source': 'c:\\Users\\veerg\\OneDrive\\QuadrantInternship_TeamOne\\backend\\employee_handbook.pdf', 'total_pages': 82, 'page': 15, 'page_label': '16'}"
69,"we hold ourselves to the highest standards of personal and professional integrity. Our Code of Conduct outlines how we expect every employee — from interns to executives — to behave in the workplace, with clients, and when representing the company. It also guides our AI systems, ensuring that automated tools used internally (such as chatbots) uphold the same values as our people. This code is not just about rules — it’s about fostering trust, maintaining transparency, and building a culture of","{'producer': 'macOS Version 15.5 (Build 24F74) Quartz PDFContext', 'creator': 'Word', 'creationdate': ""D:20250716221643Z00'00'"", 'title': 'employee_handbook', 'author': 'Aqdas Tanweer', 'moddate': ""D:20250716221643Z00'00'"", 'source': 'c:\\Users\\veerg\\OneDrive\\QuadrantInternship_TeamOne\\backend\\employee_handbook.pdf', 'total_pages': 82, 'page': 15, 'page_label': '16'}"
70,"transparency, and building a culture of accountability, respect, and ethics. 6.1 Guiding Principles All employees are expected to conduct themselves in a manner that is: • Honest in communication and actions","{'producer': 'macOS Version 15.5 (Build 24F74) Quartz PDFContext', 'creator': 'Word', 'creationdate': ""D:20250716221643Z00'00'"", 'title': 'employee_handbook', 'author': 'Aqdas Tanweer', 'moddate': ""D:20250716221643Z00'00'"", 'source': 'c:\\Users\\veerg\\OneDrive\\QuadrantInternship_TeamOne\\backend\\employee_handbook.pdf', 'total_pages': 82, 'page': 15, 'page_label': '16'}"
71,"• Respectful toward colleagues, clients, and partners • Responsible in decision-making and use of company resources • Accountable for outcomes and professional standards • Ethical in all business practices, both internal and external This code applies in the workplace, during business travel, at company events, and in any digital space related to [Company Name]. 6.2 Professional Behavior Expectations We expect every employee to: • Treat others with dignity and professionalism at all times • Show","{'producer': 'macOS Version 15.5 (Build 24F74) Quartz PDFContext', 'creator': 'Word', 'creationdate': ""D:20250716221643Z00'00'"", 'title': 'employee_handbook', 'author': 'Aqdas Tanweer', 'moddate': ""D:20250716221643Z00'00'"", 'source': 'c:\\Users\\veerg\\OneDrive\\QuadrantInternship_TeamOne\\backend\\employee_handbook.pdf', 'total_pages': 82, 'page': 16, 'page_label': '17'}"
72,"dignity and professionalism at all times • Show up prepared, on time, and ready to contribute • Communicate clearly, courteously, and constructively • Deliver on responsibilities with care and follow-through • Accept feedback with openness and offer it respectfully • Use company resources for work-related purposes only • Avoid gossip, manipulation, or behavior that undermines team trust 6.3 Compliance with Laws & Regulations Employees must comply with all applicable local, state, federal, and","{'producer': 'macOS Version 15.5 (Build 24F74) Quartz PDFContext', 'creator': 'Word', 'creationdate': ""D:20250716221643Z00'00'"", 'title': 'employee_handbook', 'author': 'Aqdas Tanweer', 'moddate': ""D:20250716221643Z00'00'"", 'source': 'c:\\Users\\veerg\\OneDrive\\QuadrantInternship_TeamOne\\backend\\employee_handbook.pdf', 'total_pages': 82, 'page': 16, 'page_label': '17'}"
73,"with all applicable local, state, federal, and international laws, including those related to: • Labor rights and fair employment • Anti-discrimination and anti-harassment • Data protection and cybersecurity (e.g., GDPR, HIPAA) • Industry-specific compliance (e.g., finance, healthcare, AI ethics) • Insider trading and confidentiality (for publicly sensitive data) Ignorance of the law is not an excuse. When in doubt, employees are expected to consult HR or Legal. 6.4 Conflicts of Interest A","{'producer': 'macOS Version 15.5 (Build 24F74) Quartz PDFContext', 'creator': 'Word', 'creationdate': ""D:20250716221643Z00'00'"", 'title': 'employee_handbook', 'author': 'Aqdas Tanweer', 'moddate': ""D:20250716221643Z00'00'"", 'source': 'c:\\Users\\veerg\\OneDrive\\QuadrantInternship_TeamOne\\backend\\employee_handbook.pdf', 'total_pages': 82, 'page': 16, 'page_label': '17'}"
74,"consult HR or Legal. 6.4 Conflicts of Interest A conflict of interest occurs when personal interests interfere — or appear to interfere — with the best interests of the company. Examples include: • Working for a competitor while employed at [Company Name] • Hiring or supervising a close friend or family member without disclosure • Using company time or assets to run a side business • Accepting gifts, favors, or payment from vendors, clients, or partners","{'producer': 'macOS Version 15.5 (Build 24F74) Quartz PDFContext', 'creator': 'Word', 'creationdate': ""D:20250716221643Z00'00'"", 'title': 'employee_handbook', 'author': 'Aqdas Tanweer', 'moddate': ""D:20250716221643Z00'00'"", 'source': 'c:\\Users\\veerg\\OneDrive\\QuadrantInternship_TeamOne\\backend\\employee_handbook.pdf', 'total_pages': 82, 'page': 16, 'page_label': '17'}"
75,"Employees must disclose any potential conflicts to HR or their manager as soon as they arise. 6.5 Whistleblower Protection & Reporting Violations We encourage employees to speak up if they witness or experience unethical behavior. You can report: • Fraud or financial misconduct • Harassment or discrimination • Unfair labor practices • Security breaches • Retaliation or abuse of power Reports can be made to HR, your manager, or anonymously via our Ethics Hotline: ethics@company.com We have a","{'producer': 'macOS Version 15.5 (Build 24F74) Quartz PDFContext', 'creator': 'Word', 'creationdate': ""D:20250716221643Z00'00'"", 'title': 'employee_handbook', 'author': 'Aqdas Tanweer', 'moddate': ""D:20250716221643Z00'00'"", 'source': 'c:\\Users\\veerg\\OneDrive\\QuadrantInternship_TeamOne\\backend\\employee_handbook.pdf', 'total_pages': 82, 'page': 17, 'page_label': '18'}"
76,"our Ethics Hotline: ethics@company.com We have a strict non-retaliation policy: anyone reporting in good faith is protected from disciplinary action or retribution. 6.6 Use of Company Resources Company-provided tools, equipment, and platforms — including email, software, and devices — are to be used primarily for work-related purposes. Misuse includes: • Downloading unauthorized software • Accessing offensive or inappropriate material • Excessive personal use during work hours • Sharing login","{'producer': 'macOS Version 15.5 (Build 24F74) Quartz PDFContext', 'creator': 'Word', 'creationdate': ""D:20250716221643Z00'00'"", 'title': 'employee_handbook', 'author': 'Aqdas Tanweer', 'moddate': ""D:20250716221643Z00'00'"", 'source': 'c:\\Users\\veerg\\OneDrive\\QuadrantInternship_TeamOne\\backend\\employee_handbook.pdf', 'total_pages': 82, 'page': 17, 'page_label': '18'}"
77,"personal use during work hours • Sharing login credentials or allowing unauthorized access Employees should have no expectation of complete privacy on company-owned systems. IT may monitor usage in accordance with applicable laws and internal policies. 6.7 Ethics in Communication All written and verbal communication — including email, messaging platforms (e.g., Teams, Slack), and meetings — must reflect our commitment to professionalism and inclusion. Do: • Use respectful, clear language •","{'producer': 'macOS Version 15.5 (Build 24F74) Quartz PDFContext', 'creator': 'Word', 'creationdate': ""D:20250716221643Z00'00'"", 'title': 'employee_handbook', 'author': 'Aqdas Tanweer', 'moddate': ""D:20250716221643Z00'00'"", 'source': 'c:\\Users\\veerg\\OneDrive\\QuadrantInternship_TeamOne\\backend\\employee_handbook.pdf', 'total_pages': 82, 'page': 17, 'page_label': '18'}"
78,"inclusion. Do: • Use respectful, clear language • Avoid sarcasm that could be misinterpreted • Respond thoughtfully and avoid reactive messaging","{'producer': 'macOS Version 15.5 (Build 24F74) Quartz PDFContext', 'creator': 'Word', 'creationdate': ""D:20250716221643Z00'00'"", 'title': 'employee_handbook', 'author': 'Aqdas Tanweer', 'moddate': ""D:20250716221643Z00'00'"", 'source': 'c:\\Users\\veerg\\OneDrive\\QuadrantInternship_TeamOne\\backend\\employee_handbook.pdf', 'total_pages': 82, 'page': 17, 'page_label': '18'}"
79,"Don’t: • Use discriminatory or exclusionary language • Gossip, intimidate, or criticize publicly • Discuss confidential matters in open channels This applies to both human and AI communications. 6.8 AI & Automation Ethics Any use of AI — whether for internal tools, automation, or communication — must follow the same standards as human behavior. Our AI systems (e.g., chatbots, analytics tools) must: • Avoid biased, discriminatory, or inappropriate responses • Never disclose private or","{'producer': 'macOS Version 15.5 (Build 24F74) Quartz PDFContext', 'creator': 'Word', 'creationdate': ""D:20250716221643Z00'00'"", 'title': 'employee_handbook', 'author': 'Aqdas Tanweer', 'moddate': ""D:20250716221643Z00'00'"", 'source': 'c:\\Users\\veerg\\OneDrive\\QuadrantInternship_TeamOne\\backend\\employee_handbook.pdf', 'total_pages': 82, 'page': 18, 'page_label': '19'}"
80,"responses • Never disclose private or confidential information • Provide transparent, verifiable responses • Defer to human assistance when the topic is sensitive or unclear • Be clearly identified as AI-generated when applicable AI systems are trained on vetted, inclusive, and policy-compliant content such as this handbook. Misuse of AI or manipulation of AI outputs is grounds for disciplinary review. 6.9 Representing the Company When speaking publicly, publishing content, or posting on social","{'producer': 'macOS Version 15.5 (Build 24F74) Quartz PDFContext', 'creator': 'Word', 'creationdate': ""D:20250716221643Z00'00'"", 'title': 'employee_handbook', 'author': 'Aqdas Tanweer', 'moddate': ""D:20250716221643Z00'00'"", 'source': 'c:\\Users\\veerg\\OneDrive\\QuadrantInternship_TeamOne\\backend\\employee_handbook.pdf', 'total_pages': 82, 'page': 18, 'page_label': '19'}"
81,"publishing content, or posting on social media as a company representative, employees must: • Identify their views as personal unless authorized to speak on behalf of the company • Avoid disclosing confidential projects, internal discussions, or unapproved branding • Behave in a manner that reflects our values — even outside work, if tied to your role Any public misrepresentation, unauthorized spokesperson behavior, or reputational risk may lead to corrective action. 6.10 Consequences of","{'producer': 'macOS Version 15.5 (Build 24F74) Quartz PDFContext', 'creator': 'Word', 'creationdate': ""D:20250716221643Z00'00'"", 'title': 'employee_handbook', 'author': 'Aqdas Tanweer', 'moddate': ""D:20250716221643Z00'00'"", 'source': 'c:\\Users\\veerg\\OneDrive\\QuadrantInternship_TeamOne\\backend\\employee_handbook.pdf', 'total_pages': 82, 'page': 18, 'page_label': '19'}"
82,"lead to corrective action. 6.10 Consequences of Violations Violating the Code of Conduct may result in disciplinary actions, including: • Verbal or written warnings • Mandatory retraining or coaching • Loss of access to systems or roles • Suspension without pay • Termination of employment • Legal action (in extreme or criminal cases)","{'producer': 'macOS Version 15.5 (Build 24F74) Quartz PDFContext', 'creator': 'Word', 'creationdate': ""D:20250716221643Z00'00'"", 'title': 'employee_handbook', 'author': 'Aqdas Tanweer', 'moddate': ""D:20250716221643Z00'00'"", 'source': 'c:\\Users\\veerg\\OneDrive\\QuadrantInternship_TeamOne\\backend\\employee_handbook.pdf', 'total_pages': 82, 'page': 18, 'page_label': '19'}"
83,"Each situation is evaluated on a case-by-case basis with input from HR, Legal, and relevant leadership. 6.11 Commitment to Improvement This Code of Conduct is a living framework. We welcome feedback and regularly update this section to address emerging issues — including AI ethics, remote collaboration, and evolving social norms. If you notice gaps in the code or wish to suggest additions, email ethics@company.com. AI Alignment Note This section serves as a foundational framework for ethical AI","{'producer': 'macOS Version 15.5 (Build 24F74) Quartz PDFContext', 'creator': 'Word', 'creationdate': ""D:20250716221643Z00'00'"", 'title': 'employee_handbook', 'author': 'Aqdas Tanweer', 'moddate': ""D:20250716221643Z00'00'"", 'source': 'c:\\Users\\veerg\\OneDrive\\QuadrantInternship_TeamOne\\backend\\employee_handbook.pdf', 'total_pages': 82, 'page': 19, 'page_label': '20'}"
84,"serves as a foundational framework for ethical AI behavior. AI systems must: • Never generate, promote, or tolerate discriminatory or harmful content • Be designed and monitored with guardrails for fairness and respect • Align with the same standards expected of human employees • Prompt escalation to HR, Legal, or a human supervisor when ethical ambiguity arises  Section 7: Workplace Behavior & Anti-Harassment At [Company Name], we are committed to providing a workplace where every employee","{'producer': 'macOS Version 15.5 (Build 24F74) Quartz PDFContext', 'creator': 'Word', 'creationdate': ""D:20250716221643Z00'00'"", 'title': 'employee_handbook', 'author': 'Aqdas Tanweer', 'moddate': ""D:20250716221643Z00'00'"", 'source': 'c:\\Users\\veerg\\OneDrive\\QuadrantInternship_TeamOne\\backend\\employee_handbook.pdf', 'total_pages': 82, 'page': 19, 'page_label': '20'}"
85,"to providing a workplace where every employee feels safe, respected, and empowered. We do not tolerate any form of harassment, bullying, or discriminatory behavior — whether physical, verbal, written, or digital. A respectful workplace is not only essential for individual well-being and productivity — it is the legal and ethical foundation of our culture. This section outlines behavior expectations, prohibited conduct, reporting mechanisms, and how our policies apply to both in-person and","{'producer': 'macOS Version 15.5 (Build 24F74) Quartz PDFContext', 'creator': 'Word', 'creationdate': ""D:20250716221643Z00'00'"", 'title': 'employee_handbook', 'author': 'Aqdas Tanweer', 'moddate': ""D:20250716221643Z00'00'"", 'source': 'c:\\Users\\veerg\\OneDrive\\QuadrantInternship_TeamOne\\backend\\employee_handbook.pdf', 'total_pages': 82, 'page': 19, 'page_label': '20'}"
86,"and how our policies apply to both in-person and remote work environments. 7.1 Our Commitment to Respect and Safety We believe that dignity is a non-negotiable human right — and that includes dignity at work. • Every employee, regardless of role or status, deserves to be treated with kindness, fairness, and professionalism. • Harassment, microaggressions, or hostile behavior create toxic environments and will be addressed immediately. • Creating a respectful workplace is a shared","{'producer': 'macOS Version 15.5 (Build 24F74) Quartz PDFContext', 'creator': 'Word', 'creationdate': ""D:20250716221643Z00'00'"", 'title': 'employee_handbook', 'author': 'Aqdas Tanweer', 'moddate': ""D:20250716221643Z00'00'"", 'source': 'c:\\Users\\veerg\\OneDrive\\QuadrantInternship_TeamOne\\backend\\employee_handbook.pdf', 'total_pages': 82, 'page': 19, 'page_label': '20'}"
87,"• Creating a respectful workplace is a shared responsibility: if you see something, say something. This policy extends to all interactions involving employees, contractors, interns, clients, vendors, and third-party partners.","{'producer': 'macOS Version 15.5 (Build 24F74) Quartz PDFContext', 'creator': 'Word', 'creationdate': ""D:20250716221643Z00'00'"", 'title': 'employee_handbook', 'author': 'Aqdas Tanweer', 'moddate': ""D:20250716221643Z00'00'"", 'source': 'c:\\Users\\veerg\\OneDrive\\QuadrantInternship_TeamOne\\backend\\employee_handbook.pdf', 'total_pages': 82, 'page': 19, 'page_label': '20'}"
88,"7.2 Prohibited Conduct The following behaviors are strictly prohibited and will result in immediate review and possible disciplinary action: Sexual Harassment (PURPLE) Includes: • Unwanted sexual advances • Inappropriate touching or physical contact • Sexually explicit jokes, comments, images, or messages • Requests for sexual favors or any behavior tied to job benefits • Repeated, unwelcome romantic advances Discriminatory Behavior (RED) Includes: • Biased treatment based on race, ethnicity,","{'producer': 'macOS Version 15.5 (Build 24F74) Quartz PDFContext', 'creator': 'Word', 'creationdate': ""D:20250716221643Z00'00'"", 'title': 'employee_handbook', 'author': 'Aqdas Tanweer', 'moddate': ""D:20250716221643Z00'00'"", 'source': 'c:\\Users\\veerg\\OneDrive\\QuadrantInternship_TeamOne\\backend\\employee_handbook.pdf', 'total_pages': 82, 'page': 20, 'page_label': '21'}"
89,"• Biased treatment based on race, ethnicity, religion, gender identity, sexual orientation, age, disability, or any protected status • Derogatory jokes or slurs • Exclusionary actions based on someone’s identity or background Bullying & Intimidation (ORANGE) Includes: • Verbal abuse, threats, or yelling • Passive-aggressive sabotage (e.g., withholding information, excluding from meetings) • Humiliating or belittling remarks (public or private) • Spreading rumors, gossip, or false narratives","{'producer': 'macOS Version 15.5 (Build 24F74) Quartz PDFContext', 'creator': 'Word', 'creationdate': ""D:20250716221643Z00'00'"", 'title': 'employee_handbook', 'author': 'Aqdas Tanweer', 'moddate': ""D:20250716221643Z00'00'"", 'source': 'c:\\Users\\veerg\\OneDrive\\QuadrantInternship_TeamOne\\backend\\employee_handbook.pdf', 'total_pages': 82, 'page': 20, 'page_label': '21'}"
90,"• Spreading rumors, gossip, or false narratives Microaggressions (YELLOW) Includes: • Backhanded compliments or stereotypes • Invalidating someone’s lived experience (e.g., “You’re being too sensitive”) • Tone policing or body language meant to demean • Repeatedly mispronouncing someone’s name despite correction Retaliation (GREEN) Includes:","{'producer': 'macOS Version 15.5 (Build 24F74) Quartz PDFContext', 'creator': 'Word', 'creationdate': ""D:20250716221643Z00'00'"", 'title': 'employee_handbook', 'author': 'Aqdas Tanweer', 'moddate': ""D:20250716221643Z00'00'"", 'source': 'c:\\Users\\veerg\\OneDrive\\QuadrantInternship_TeamOne\\backend\\employee_handbook.pdf', 'total_pages': 82, 'page': 20, 'page_label': '21'}"
91,"• Punishing someone for filing a report or supporting a colleague who did • Subtle acts like reassignment, exclusion, or unfavorable treatment • Attempts to intimidate someone into silence 7.3 Remote Workplace Considerations Harassment and misconduct can occur outside the physical office — and the same standards apply virtually. Examples of inappropriate remote behavior: • Sending inappropriate messages or images via Slack, email, or Teams • Making insensitive jokes in virtual meetings • “Zoom","{'producer': 'macOS Version 15.5 (Build 24F74) Quartz PDFContext', 'creator': 'Word', 'creationdate': ""D:20250716221643Z00'00'"", 'title': 'employee_handbook', 'author': 'Aqdas Tanweer', 'moddate': ""D:20250716221643Z00'00'"", 'source': 'c:\\Users\\veerg\\OneDrive\\QuadrantInternship_TeamOne\\backend\\employee_handbook.pdf', 'total_pages': 82, 'page': 21, 'page_label': '22'}"
92,"insensitive jokes in virtual meetings • “Zoom bombing” or unwelcome virtual intrusions • Excluding team members from online channels or discussions 7.4 Reporting Misconduct If you experience or witness harassment, bullying, or discriminatory behavior, we urge you to report it immediately. You may: • Contact your manager or skip-level leader • Email HR confidentially at hr@company.com • Use the anonymous reporting form on our intranet • Reach out to the Ethics Hotline at ethics@company.com We","{'producer': 'macOS Version 15.5 (Build 24F74) Quartz PDFContext', 'creator': 'Word', 'creationdate': ""D:20250716221643Z00'00'"", 'title': 'employee_handbook', 'author': 'Aqdas Tanweer', 'moddate': ""D:20250716221643Z00'00'"", 'source': 'c:\\Users\\veerg\\OneDrive\\QuadrantInternship_TeamOne\\backend\\employee_handbook.pdf', 'total_pages': 82, 'page': 21, 'page_label': '22'}"
93,"to the Ethics Hotline at ethics@company.com We take every report seriously and handle investigations confidentially and promptly. 7.5 Anti-Retaliation Policy Retaliation of any kind against individuals who report misconduct — or who assist in investigations — is strictly prohibited. Anyone found to have retaliated against another employee will face disciplinary action, up to and including termination. 7.6 Investigation & Resolution Process 1. Intake & Acknowledgment: You’ll receive confirmation","{'producer': 'macOS Version 15.5 (Build 24F74) Quartz PDFContext', 'creator': 'Word', 'creationdate': ""D:20250716221643Z00'00'"", 'title': 'employee_handbook', 'author': 'Aqdas Tanweer', 'moddate': ""D:20250716221643Z00'00'"", 'source': 'c:\\Users\\veerg\\OneDrive\\QuadrantInternship_TeamOne\\backend\\employee_handbook.pdf', 'total_pages': 82, 'page': 21, 'page_label': '22'}"
94,"& Acknowledgment: You’ll receive confirmation that your report was received. 2. Preliminary Review: HR or an independent ethics officer will assess severity and scope. 3. Formal Investigation: Confidential interviews, evidence gathering, and documentation. 4. Findings & Action: Based on evidence, the company will determine appropriate next steps, which may include coaching, warning, suspension, or termination. 5. Follow-Up: You’ll be informed when the case is resolved (specifics may be limited","{'producer': 'macOS Version 15.5 (Build 24F74) Quartz PDFContext', 'creator': 'Word', 'creationdate': ""D:20250716221643Z00'00'"", 'title': 'employee_handbook', 'author': 'Aqdas Tanweer', 'moddate': ""D:20250716221643Z00'00'"", 'source': 'c:\\Users\\veerg\\OneDrive\\QuadrantInternship_TeamOne\\backend\\employee_handbook.pdf', 'total_pages': 82, 'page': 21, 'page_label': '22'}"
95,the case is resolved (specifics may be limited for privacy).,"{'producer': 'macOS Version 15.5 (Build 24F74) Quartz PDFContext', 'creator': 'Word', 'creationdate': ""D:20250716221643Z00'00'"", 'title': 'employee_handbook', 'author': 'Aqdas Tanweer', 'moddate': ""D:20250716221643Z00'00'"", 'source': 'c:\\Users\\veerg\\OneDrive\\QuadrantInternship_TeamOne\\backend\\employee_handbook.pdf', 'total_pages': 82, 'page': 21, 'page_label': '22'}"
96,"All records are securely stored and restricted to authorized personnel. 7.7 Supporting Affected Employees We understand that harassment can be deeply distressing. If you’ve been impacted: • You may request temporary work accommodations, such as changes to reporting structure or team environment. • Free, confidential counseling is available through the Employee Assistance Program (EAP). • Paid leave may be offered on a case-by-case basis to aid recovery. You are not alone — we are here to support","{'producer': 'macOS Version 15.5 (Build 24F74) Quartz PDFContext', 'creator': 'Word', 'creationdate': ""D:20250716221643Z00'00'"", 'title': 'employee_handbook', 'author': 'Aqdas Tanweer', 'moddate': ""D:20250716221643Z00'00'"", 'source': 'c:\\Users\\veerg\\OneDrive\\QuadrantInternship_TeamOne\\backend\\employee_handbook.pdf', 'total_pages': 82, 'page': 22, 'page_label': '23'}"
97,You are not alone — we are here to support you. 7.8 Bystander Responsibilities You are expected to intervene (safely) or report if you: • Witness harassment or bullying • Hear inappropriate jokes or language • See someone being excluded or undermined Even subtle actions can have serious consequences. Speak up or report to someone who can help. 7.9 Education & Training All employees must complete mandatory anti-harassment training upon hire and annually thereafter. Training includes: •,"{'producer': 'macOS Version 15.5 (Build 24F74) Quartz PDFContext', 'creator': 'Word', 'creationdate': ""D:20250716221643Z00'00'"", 'title': 'employee_handbook', 'author': 'Aqdas Tanweer', 'moddate': ""D:20250716221643Z00'00'"", 'source': 'c:\\Users\\veerg\\OneDrive\\QuadrantInternship_TeamOne\\backend\\employee_handbook.pdf', 'total_pages': 82, 'page': 22, 'page_label': '23'}"
98,"and annually thereafter. Training includes: • Recognizing different forms of harassment • How to report misconduct • How to support affected colleagues • Bias and microaggression awareness Managers will receive enhanced training on response protocols and conflict resolution. 7.10 AI Alignment Note Internal AI systems (e.g., chatbots) are trained to: • Avoid generating offensive, biased, or disrespectful content • Flag any user input that appears to contain discriminatory or harmful language •","{'producer': 'macOS Version 15.5 (Build 24F74) Quartz PDFContext', 'creator': 'Word', 'creationdate': ""D:20250716221643Z00'00'"", 'title': 'employee_handbook', 'author': 'Aqdas Tanweer', 'moddate': ""D:20250716221643Z00'00'"", 'source': 'c:\\Users\\veerg\\OneDrive\\QuadrantInternship_TeamOne\\backend\\employee_handbook.pdf', 'total_pages': 82, 'page': 22, 'page_label': '23'}"
99,to contain discriminatory or harmful language • Redirect employees to HR or support resources in harassment-related queries • Remain emotionally neutral but supportive in tone when discussing sensitive topics,"{'producer': 'macOS Version 15.5 (Build 24F74) Quartz PDFContext', 'creator': 'Word', 'creationdate': ""D:20250716221643Z00'00'"", 'title': 'employee_handbook', 'author': 'Aqdas Tanweer', 'moddate': ""D:20250716221643Z00'00'"", 'source': 'c:\\Users\\veerg\\OneDrive\\QuadrantInternship_TeamOne\\backend\\employee_handbook.pdf', 'total_pages': 82, 'page': 22, 'page_label': '23'}"
100,"AI systems are not permitted to provide legal guidance or handle complaints — they may only guide users to official reporting channels or resources. 7.11 Continuous Culture Improvement This policy is reviewed regularly and adapted to reflect: • Evolving DEI standards • Emerging remote work norms • Employee feedback and lived experience • Legal and regulatory updates We are committed to building a culture where respect is not just a rule — it’s a norm. If you see ways we can improve, we want to","{'producer': 'macOS Version 15.5 (Build 24F74) Quartz PDFContext', 'creator': 'Word', 'creationdate': ""D:20250716221643Z00'00'"", 'title': 'employee_handbook', 'author': 'Aqdas Tanweer', 'moddate': ""D:20250716221643Z00'00'"", 'source': 'c:\\Users\\veerg\\OneDrive\\QuadrantInternship_TeamOne\\backend\\employee_handbook.pdf', 'total_pages': 82, 'page': 23, 'page_label': '24'}"
101,"norm. If you see ways we can improve, we want to hear from you.  Section 8: Diversity, Equity, and Inclusion (DEI) At [Company Name], diversity, equity, and inclusion are not just statements — they are daily practices embedded in every level of our operations, from hiring and promotions to product design and employee engagement. We recognize that creating an inclusive workplace is a continuous effort that requires commitment, listening, education, and systemic change. This section outlines how","{'producer': 'macOS Version 15.5 (Build 24F74) Quartz PDFContext', 'creator': 'Word', 'creationdate': ""D:20250716221643Z00'00'"", 'title': 'employee_handbook', 'author': 'Aqdas Tanweer', 'moddate': ""D:20250716221643Z00'00'"", 'source': 'c:\\Users\\veerg\\OneDrive\\QuadrantInternship_TeamOne\\backend\\employee_handbook.pdf', 'total_pages': 82, 'page': 23, 'page_label': '24'}"
102,"and systemic change. This section outlines how we define DEI, what we’re doing to foster equity and belonging, and how employees and AI systems are expected to reflect these values. 8.1 Our Commitment to DEI We commit to: • Building a diverse workforce that reflects the communities we serve. • Creating equitable systems that ensure everyone has fair access to opportunity. • Fostering inclusive environments where all individuals feel safe, respected, and valued. • Holding ourselves accountable","{'producer': 'macOS Version 15.5 (Build 24F74) Quartz PDFContext', 'creator': 'Word', 'creationdate': ""D:20250716221643Z00'00'"", 'title': 'employee_handbook', 'author': 'Aqdas Tanweer', 'moddate': ""D:20250716221643Z00'00'"", 'source': 'c:\\Users\\veerg\\OneDrive\\QuadrantInternship_TeamOne\\backend\\employee_handbook.pdf', 'total_pages': 82, 'page': 23, 'page_label': '24'}"
103,"and valued. • Holding ourselves accountable through transparency, measurement, and education. This commitment is championed by our leadership, implemented through our policies, and supported by every employee. 8.2 Definitions: Diversity, Equity, Inclusion, and Belonging Understanding the terms we use is essential to practicing them intentionally:","{'producer': 'macOS Version 15.5 (Build 24F74) Quartz PDFContext', 'creator': 'Word', 'creationdate': ""D:20250716221643Z00'00'"", 'title': 'employee_handbook', 'author': 'Aqdas Tanweer', 'moddate': ""D:20250716221643Z00'00'"", 'source': 'c:\\Users\\veerg\\OneDrive\\QuadrantInternship_TeamOne\\backend\\employee_handbook.pdf', 'total_pages': 82, 'page': 23, 'page_label': '24'}"
104,"• Diversity refers to the presence of different identities, backgrounds, experiences, and perspectives in our workplace. This includes race, ethnicity, gender identity, age, religion, ability, sexual orientation, veteran status, socioeconomic background, and more. • Equity means ensuring fair treatment, access, and advancement for all individuals by identifying and removing barriers to opportunity — especially for historically marginalized groups. • Inclusion is the act of creating environments","{'producer': 'macOS Version 15.5 (Build 24F74) Quartz PDFContext', 'creator': 'Word', 'creationdate': ""D:20250716221643Z00'00'"", 'title': 'employee_handbook', 'author': 'Aqdas Tanweer', 'moddate': ""D:20250716221643Z00'00'"", 'source': 'c:\\Users\\veerg\\OneDrive\\QuadrantInternship_TeamOne\\backend\\employee_handbook.pdf', 'total_pages': 82, 'page': 24, 'page_label': '25'}"
105,"• Inclusion is the act of creating environments where all individuals feel welcomed, respected, and able to contribute fully and authentically. • Belonging is the outcome of successful DEI efforts — when employees feel accepted, valued, and included as their full selves. 8.3 DEI in Hiring, Promotion, and Development We believe that talent is universal, but opportunity is not. That’s why we take intentional steps to ensure our systems are fair and inclusive. In Hiring: • All job descriptions are","{'producer': 'macOS Version 15.5 (Build 24F74) Quartz PDFContext', 'creator': 'Word', 'creationdate': ""D:20250716221643Z00'00'"", 'title': 'employee_handbook', 'author': 'Aqdas Tanweer', 'moddate': ""D:20250716221643Z00'00'"", 'source': 'c:\\Users\\veerg\\OneDrive\\QuadrantInternship_TeamOne\\backend\\employee_handbook.pdf', 'total_pages': 82, 'page': 24, 'page_label': '25'}"
106,inclusive. In Hiring: • All job descriptions are reviewed for biased language and inclusivity. • We use structured interviews with standardized scoring to reduce bias. • Hiring panels are trained on unconscious bias and equitable evaluation. • Candidate slates are expected to be diverse in terms of background and identity. In Promotions & Advancement: • Internal advancement pathways are transparent and accessible. • Performance review criteria are clearly communicated and standardized. •,"{'producer': 'macOS Version 15.5 (Build 24F74) Quartz PDFContext', 'creator': 'Word', 'creationdate': ""D:20250716221643Z00'00'"", 'title': 'employee_handbook', 'author': 'Aqdas Tanweer', 'moddate': ""D:20250716221643Z00'00'"", 'source': 'c:\\Users\\veerg\\OneDrive\\QuadrantInternship_TeamOne\\backend\\employee_handbook.pdf', 'total_pages': 82, 'page': 24, 'page_label': '25'}"
107,"are clearly communicated and standardized. • Underrepresented employees are prioritized for mentorship and sponsorship opportunities. In Development: • Inclusive leadership training is offered to all people managers. • Learning resources include DEI modules, identity-based workplace dynamics, and allyship strategies. • ERGs (Employee Resource Groups) are supported with funding and visibility. 8.4 Metrics & Accountability We track our DEI progress through measurable, transparent data, including:","{'producer': 'macOS Version 15.5 (Build 24F74) Quartz PDFContext', 'creator': 'Word', 'creationdate': ""D:20250716221643Z00'00'"", 'title': 'employee_handbook', 'author': 'Aqdas Tanweer', 'moddate': ""D:20250716221643Z00'00'"", 'source': 'c:\\Users\\veerg\\OneDrive\\QuadrantInternship_TeamOne\\backend\\employee_handbook.pdf', 'total_pages': 82, 'page': 24, 'page_label': '25'}"
108,"through measurable, transparent data, including: • Hiring and promotion demographics • Pay equity audits • Employee engagement and inclusion surveys • Representation goals for leadership and technical roles","{'producer': 'macOS Version 15.5 (Build 24F74) Quartz PDFContext', 'creator': 'Word', 'creationdate': ""D:20250716221643Z00'00'"", 'title': 'employee_handbook', 'author': 'Aqdas Tanweer', 'moddate': ""D:20250716221643Z00'00'"", 'source': 'c:\\Users\\veerg\\OneDrive\\QuadrantInternship_TeamOne\\backend\\employee_handbook.pdf', 'total_pages': 82, 'page': 24, 'page_label': '25'}"
109,"Our DEI reports are reviewed by executive leadership and, when appropriate, shared with employees. Accountability starts at the top. 8.5 Employee Resource Groups (ERGs) ERGs are voluntary, employee-led groups formed around shared identities, interests, or experiences. They offer community, mentorship, and a direct channel to leadership. Examples include: • BIPOC@Company • LGBTQ+ Alliance • Women in Leadership • Mental Health & Neurodiversity Network • Veterans & Military Families • Working","{'producer': 'macOS Version 15.5 (Build 24F74) Quartz PDFContext', 'creator': 'Word', 'creationdate': ""D:20250716221643Z00'00'"", 'title': 'employee_handbook', 'author': 'Aqdas Tanweer', 'moddate': ""D:20250716221643Z00'00'"", 'source': 'c:\\Users\\veerg\\OneDrive\\QuadrantInternship_TeamOne\\backend\\employee_handbook.pdf', 'total_pages': 82, 'page': 25, 'page_label': '26'}"
110,Network • Veterans & Military Families • Working Parents & Caregivers All employees are encouraged to join or support ERGs. Allies are welcome. ERGs are given: • Annual funding for events and programming • Executive sponsors • Dedicated space on internal platforms • Regular access to HR and leadership 8.6 Inclusive Work Practices We actively promote work environments where everyone can participate fully. Key practices include: • Pronoun visibility on email signatures and profiles • Inclusive,"{'producer': 'macOS Version 15.5 (Build 24F74) Quartz PDFContext', 'creator': 'Word', 'creationdate': ""D:20250716221643Z00'00'"", 'title': 'employee_handbook', 'author': 'Aqdas Tanweer', 'moddate': ""D:20250716221643Z00'00'"", 'source': 'c:\\Users\\veerg\\OneDrive\\QuadrantInternship_TeamOne\\backend\\employee_handbook.pdf', 'total_pages': 82, 'page': 25, 'page_label': '26'}"
111,"on email signatures and profiles • Inclusive meeting norms (e.g., allowing space for quieter voices, avoiding interrupting) • Calendar inclusivity (awareness of religious and cultural observances) • Accessible communication (closed captioning, alt text, screen reader-friendly docs) Managers are trained to recognize exclusionary behavior and take proactive steps to address it. 8.7 Accommodations & Accessibility We provide reasonable accommodations for individuals with disabilities or unique","{'producer': 'macOS Version 15.5 (Build 24F74) Quartz PDFContext', 'creator': 'Word', 'creationdate': ""D:20250716221643Z00'00'"", 'title': 'employee_handbook', 'author': 'Aqdas Tanweer', 'moddate': ""D:20250716221643Z00'00'"", 'source': 'c:\\Users\\veerg\\OneDrive\\QuadrantInternship_TeamOne\\backend\\employee_handbook.pdf', 'total_pages': 82, 'page': 25, 'page_label': '26'}"
112,for individuals with disabilities or unique needs. This includes: • Ergonomic workstations • Assistive technology,"{'producer': 'macOS Version 15.5 (Build 24F74) Quartz PDFContext', 'creator': 'Word', 'creationdate': ""D:20250716221643Z00'00'"", 'title': 'employee_handbook', 'author': 'Aqdas Tanweer', 'moddate': ""D:20250716221643Z00'00'"", 'source': 'c:\\Users\\veerg\\OneDrive\\QuadrantInternship_TeamOne\\backend\\employee_handbook.pdf', 'total_pages': 82, 'page': 25, 'page_label': '26'}"
113,"• Modified schedules or remote work flexibility • Communication supports (e.g., interpreters, captioning) • Private spaces for medical or religious needs To request accommodations, contact HR@company.com or submit a confidential request through the employee portal. No medical information is shared beyond what is necessary for implementation. 8.8 Zero Tolerance for Discrimination or Exclusion Discrimination, harassment, or exclusion based on any identity or protected characteristic is strictly","{'producer': 'macOS Version 15.5 (Build 24F74) Quartz PDFContext', 'creator': 'Word', 'creationdate': ""D:20250716221643Z00'00'"", 'title': 'employee_handbook', 'author': 'Aqdas Tanweer', 'moddate': ""D:20250716221643Z00'00'"", 'source': 'c:\\Users\\veerg\\OneDrive\\QuadrantInternship_TeamOne\\backend\\employee_handbook.pdf', 'total_pages': 82, 'page': 26, 'page_label': '27'}"
114,"identity or protected characteristic is strictly prohibited. Examples of unacceptable behavior: • Derogatory remarks or jokes about race, religion, gender identity, etc. • Mocking accents, clothing, names, or cultural expressions • Excluding someone from work opportunities because of identity • Denying access to accommodations or making inappropriate remarks about them Violations will be investigated immediately and may result in disciplinary action, including termination. 8.9 Encouraging","{'producer': 'macOS Version 15.5 (Build 24F74) Quartz PDFContext', 'creator': 'Word', 'creationdate': ""D:20250716221643Z00'00'"", 'title': 'employee_handbook', 'author': 'Aqdas Tanweer', 'moddate': ""D:20250716221643Z00'00'"", 'source': 'c:\\Users\\veerg\\OneDrive\\QuadrantInternship_TeamOne\\backend\\employee_handbook.pdf', 'total_pages': 82, 'page': 26, 'page_label': '27'}"
115,"action, including termination. 8.9 Encouraging Allyship & Inclusion Every employee has a role in building an inclusive culture. We expect team members to: • Speak up against bias or exclusion • Amplify underrepresented voices • Educate themselves and challenge personal biases • Advocate for inclusive policies, tools, and decisions Managers are held to a higher standard — they must lead by example and create psychologically safe spaces where team members can be themselves. 8.10 AI Alignment Note","{'producer': 'macOS Version 15.5 (Build 24F74) Quartz PDFContext', 'creator': 'Word', 'creationdate': ""D:20250716221643Z00'00'"", 'title': 'employee_handbook', 'author': 'Aqdas Tanweer', 'moddate': ""D:20250716221643Z00'00'"", 'source': 'c:\\Users\\veerg\\OneDrive\\QuadrantInternship_TeamOne\\backend\\employee_handbook.pdf', 'total_pages': 82, 'page': 26, 'page_label': '27'}"
116,"members can be themselves. 8.10 AI Alignment Note Our AI systems — including internal tools like chatbots, recommendation engines, and decision-support algorithms — are trained with DEI as a core principle. AI systems must: • Avoid biased, exclusionary, or non-inclusive language • Offer equitable suggestions for all users, regardless of identity • Be transparent in decision-making processes when applicable • Promote representation and diversity in content, examples, and tone","{'producer': 'macOS Version 15.5 (Build 24F74) Quartz PDFContext', 'creator': 'Word', 'creationdate': ""D:20250716221643Z00'00'"", 'title': 'employee_handbook', 'author': 'Aqdas Tanweer', 'moddate': ""D:20250716221643Z00'00'"", 'source': 'c:\\Users\\veerg\\OneDrive\\QuadrantInternship_TeamOne\\backend\\employee_handbook.pdf', 'total_pages': 82, 'page': 26, 'page_label': '27'}"
117,"• Escalate complex or sensitive queries to humans rather than attempting judgment-based responses Human oversight is required for all AI applications that may affect hiring, promotion, learning, or well-being outcomes. 8.11 Feedback, Growth & Evolution We welcome feedback on how we can improve our DEI efforts. If you have suggestions, concerns, or experiences to share: • Speak directly to your manager or HR partner • Use the anonymous DEI feedback form on our intranet • Join one of our quarterly","{'producer': 'macOS Version 15.5 (Build 24F74) Quartz PDFContext', 'creator': 'Word', 'creationdate': ""D:20250716221643Z00'00'"", 'title': 'employee_handbook', 'author': 'Aqdas Tanweer', 'moddate': ""D:20250716221643Z00'00'"", 'source': 'c:\\Users\\veerg\\OneDrive\\QuadrantInternship_TeamOne\\backend\\employee_handbook.pdf', 'total_pages': 82, 'page': 27, 'page_label': '28'}"
118,"form on our intranet • Join one of our quarterly DEI Roundtables or Listening Sessions • Participate in our annual Inclusion Survey We are committed to learning, evolving, and ensuring [Company Name] becomes a place where every person feels empowered to do their best work, just as they are.   Section 9: Remote & Hybrid Work Guidelines At [Company Name], we recognize that flexibility in where and how we work is essential to attracting and retaining top talent, improving work-life balance, and","{'producer': 'macOS Version 15.5 (Build 24F74) Quartz PDFContext', 'creator': 'Word', 'creationdate': ""D:20250716221643Z00'00'"", 'title': 'employee_handbook', 'author': 'Aqdas Tanweer', 'moddate': ""D:20250716221643Z00'00'"", 'source': 'c:\\Users\\veerg\\OneDrive\\QuadrantInternship_TeamOne\\backend\\employee_handbook.pdf', 'total_pages': 82, 'page': 27, 'page_label': '28'}"
119,"top talent, improving work-life balance, and supporting productivity. Our remote and hybrid work policy is designed to accommodate a wide range of roles, lifestyles, and business needs — while maintaining collaboration, security, and equity across all work settings. This section outlines eligibility, expectations, communication norms, safety requirements, and tools used to support flexible work environments. 9.1 Remote Work Models We support multiple work models based on job function, location,","{'producer': 'macOS Version 15.5 (Build 24F74) Quartz PDFContext', 'creator': 'Word', 'creationdate': ""D:20250716221643Z00'00'"", 'title': 'employee_handbook', 'author': 'Aqdas Tanweer', 'moddate': ""D:20250716221643Z00'00'"", 'source': 'c:\\Users\\veerg\\OneDrive\\QuadrantInternship_TeamOne\\backend\\employee_handbook.pdf', 'total_pages': 82, 'page': 27, 'page_label': '28'}"
120,"work models based on job function, location, and individual needs: Work Model Description Fully Remote Employee works 100% off-site (home or other approved location). May be located in a different city/state from HQ. Hybrid Employee splits time between the office and a remote location. Schedule may be fixed (e.g., 3 days remote) or flexible based on manager agreement. In-Office Employee works primarily from a physical office due to job function or preference. May have occasional remote","{'producer': 'macOS Version 15.5 (Build 24F74) Quartz PDFContext', 'creator': 'Word', 'creationdate': ""D:20250716221643Z00'00'"", 'title': 'employee_handbook', 'author': 'Aqdas Tanweer', 'moddate': ""D:20250716221643Z00'00'"", 'source': 'c:\\Users\\veerg\\OneDrive\\QuadrantInternship_TeamOne\\backend\\employee_handbook.pdf', 'total_pages': 82, 'page': 27, 'page_label': '28'}"
121,or preference. May have occasional remote flexibility.,"{'producer': 'macOS Version 15.5 (Build 24F74) Quartz PDFContext', 'creator': 'Word', 'creationdate': ""D:20250716221643Z00'00'"", 'title': 'employee_handbook', 'author': 'Aqdas Tanweer', 'moddate': ""D:20250716221643Z00'00'"", 'source': 'c:\\Users\\veerg\\OneDrive\\QuadrantInternship_TeamOne\\backend\\employee_handbook.pdf', 'total_pages': 82, 'page': 27, 'page_label': '28'}"
122,"Your work model will be confirmed in your offer letter, contract, or through HR. Changes require formal approval. 9.2 Eligibility Criteria for Remote or Hybrid Work Not all roles or employees may be eligible for remote/hybrid work. Eligibility depends on: • Nature of the role (e.g., client-facing, operational, equipment-dependent) • Ability to meet performance and security requirements • Compliance with legal or tax limitations in certain jurisdictions • Team coverage and business continuity","{'producer': 'macOS Version 15.5 (Build 24F74) Quartz PDFContext', 'creator': 'Word', 'creationdate': ""D:20250716221643Z00'00'"", 'title': 'employee_handbook', 'author': 'Aqdas Tanweer', 'moddate': ""D:20250716221643Z00'00'"", 'source': 'c:\\Users\\veerg\\OneDrive\\QuadrantInternship_TeamOne\\backend\\employee_handbook.pdf', 'total_pages': 82, 'page': 28, 'page_label': '29'}"
123,"• Team coverage and business continuity Employees must demonstrate: • Self-motivation and accountability • Clear communication skills • Reliable internet and workspace setup • Consistent performance and availability Managers have discretion, in collaboration with HR, to grant or deny remote work arrangements based on these factors. 9.3 Approval & Agreement Process To initiate a remote/hybrid work arrangement: 1. Complete the Remote Work Request Form via the HR portal. 2. Get approval from your","{'producer': 'macOS Version 15.5 (Build 24F74) Quartz PDFContext', 'creator': 'Word', 'creationdate': ""D:20250716221643Z00'00'"", 'title': 'employee_handbook', 'author': 'Aqdas Tanweer', 'moddate': ""D:20250716221643Z00'00'"", 'source': 'c:\\Users\\veerg\\OneDrive\\QuadrantInternship_TeamOne\\backend\\employee_handbook.pdf', 'total_pages': 82, 'page': 28, 'page_label': '29'}"
124,"Form via the HR portal. 2. Get approval from your manager and department head. 3. Review and sign the Remote Work Agreement, which includes expectations, responsibilities, and security requirements. 4. Confirm your official schedule and location details. Temporary arrangements may also be approved (e.g., moving, recovering from illness, travel) on a case-by-case basis. 9.4 Communication & Collaboration Expectations Strong communication is critical to successful remote and hybrid work. Employees","{'producer': 'macOS Version 15.5 (Build 24F74) Quartz PDFContext', 'creator': 'Word', 'creationdate': ""D:20250716221643Z00'00'"", 'title': 'employee_handbook', 'author': 'Aqdas Tanweer', 'moddate': ""D:20250716221643Z00'00'"", 'source': 'c:\\Users\\veerg\\OneDrive\\QuadrantInternship_TeamOne\\backend\\employee_handbook.pdf', 'total_pages': 82, 'page': 28, 'page_label': '29'}"
125,"to successful remote and hybrid work. Employees are expected to: • Be responsive during core working hours (e.g., 9 AM – 5 PM local time) • Use Slack/Teams and email professionally and promptly • Attend all required virtual meetings and check-ins • Use cameras and mute appropriately (unless excused) • Share calendars and update availability/status regularly","{'producer': 'macOS Version 15.5 (Build 24F74) Quartz PDFContext', 'creator': 'Word', 'creationdate': ""D:20250716221643Z00'00'"", 'title': 'employee_handbook', 'author': 'Aqdas Tanweer', 'moddate': ""D:20250716221643Z00'00'"", 'source': 'c:\\Users\\veerg\\OneDrive\\QuadrantInternship_TeamOne\\backend\\employee_handbook.pdf', 'total_pages': 82, 'page': 28, 'page_label': '29'}"
126,"Managers must: • Provide consistent 1:1 check-ins with remote employees • Ensure inclusion of remote voices in meetings • Document and communicate expectations clearly AI tools may assist with meeting summaries, time zone conversions, and internal communication — but do not replace human connection. 9.5 Equipment & Technology Support We provide or reimburse essential technology for remote work, including: • Laptop, monitor, keyboard, and mouse • VPN access and endpoint security tools •","{'producer': 'macOS Version 15.5 (Build 24F74) Quartz PDFContext', 'creator': 'Word', 'creationdate': ""D:20250716221643Z00'00'"", 'title': 'employee_handbook', 'author': 'Aqdas Tanweer', 'moddate': ""D:20250716221643Z00'00'"", 'source': 'c:\\Users\\veerg\\OneDrive\\QuadrantInternship_TeamOne\\backend\\employee_handbook.pdf', 'total_pages': 82, 'page': 29, 'page_label': '30'}"
127,"mouse • VPN access and endpoint security tools • Company-approved video conferencing software • Secure access to internal systems Optional support may include: • Monthly home office stipend (e.g., $50–$100 for internet/equipment) • One-time ergonomic equipment reimbursement (e.g., chair, desk, webcam) Employees are responsible for: • Keeping equipment in good working order • Promptly reporting technical issues • Following IT security protocols IT support is available remotely via the Service","{'producer': 'macOS Version 15.5 (Build 24F74) Quartz PDFContext', 'creator': 'Word', 'creationdate': ""D:20250716221643Z00'00'"", 'title': 'employee_handbook', 'author': 'Aqdas Tanweer', 'moddate': ""D:20250716221643Z00'00'"", 'source': 'c:\\Users\\veerg\\OneDrive\\QuadrantInternship_TeamOne\\backend\\employee_handbook.pdf', 'total_pages': 82, 'page': 29, 'page_label': '30'}"
128,"IT support is available remotely via the Service Desk during business hours. 9.6 Productivity & Performance Remote and hybrid workers are held to the same performance standards as on-site employees. Expectations include: • Timely completion of assigned tasks • Participation in team and company activities • Clear documentation of work and deliverables • Collaboration and support of peers Performance is measured based on outcomes, not activity logs or “always-online” status. Managers are","{'producer': 'macOS Version 15.5 (Build 24F74) Quartz PDFContext', 'creator': 'Word', 'creationdate': ""D:20250716221643Z00'00'"", 'title': 'employee_handbook', 'author': 'Aqdas Tanweer', 'moddate': ""D:20250716221643Z00'00'"", 'source': 'c:\\Users\\veerg\\OneDrive\\QuadrantInternship_TeamOne\\backend\\employee_handbook.pdf', 'total_pages': 82, 'page': 29, 'page_label': '30'}"
129,"logs or “always-online” status. Managers are encouraged to evaluate fairly, without bias toward physical presence.","{'producer': 'macOS Version 15.5 (Build 24F74) Quartz PDFContext', 'creator': 'Word', 'creationdate': ""D:20250716221643Z00'00'"", 'title': 'employee_handbook', 'author': 'Aqdas Tanweer', 'moddate': ""D:20250716221643Z00'00'"", 'source': 'c:\\Users\\veerg\\OneDrive\\QuadrantInternship_TeamOne\\backend\\employee_handbook.pdf', 'total_pages': 82, 'page': 29, 'page_label': '30'}"
130,"9.7 Security, Privacy, & Compliance Working off-site does not reduce our standards for confidentiality or data protection. Remote employees must: • Use company-approved devices and tools only • Connect through a VPN and enable two-factor authentication • Avoid using public Wi-Fi without secure tunneling • Lock screens when away from devices • Store physical materials securely (e.g., in locked drawers) Prohibited practices include: • Allowing non-employees access to company systems or devices •","{'producer': 'macOS Version 15.5 (Build 24F74) Quartz PDFContext', 'creator': 'Word', 'creationdate': ""D:20250716221643Z00'00'"", 'title': 'employee_handbook', 'author': 'Aqdas Tanweer', 'moddate': ""D:20250716221643Z00'00'"", 'source': 'c:\\Users\\veerg\\OneDrive\\QuadrantInternship_TeamOne\\backend\\employee_handbook.pdf', 'total_pages': 82, 'page': 30, 'page_label': '31'}"
131,"access to company systems or devices • Downloading sensitive files to personal devices • Using unsecured file-sharing or communication platforms Regular remote audits may be conducted by IT to ensure compliance. 9.8 Inclusion & Equity in Remote Work We actively work to ensure remote employees are: • Equally considered for promotions, projects, and recognition • Included in team communications, bonding, and learning • Given access to leadership, mentorship, and visibility Hybrid and in-person","{'producer': 'macOS Version 15.5 (Build 24F74) Quartz PDFContext', 'creator': 'Word', 'creationdate': ""D:20250716221643Z00'00'"", 'title': 'employee_handbook', 'author': 'Aqdas Tanweer', 'moddate': ""D:20250716221643Z00'00'"", 'source': 'c:\\Users\\veerg\\OneDrive\\QuadrantInternship_TeamOne\\backend\\employee_handbook.pdf', 'total_pages': 82, 'page': 30, 'page_label': '31'}"
132,"mentorship, and visibility Hybrid and in-person teams must avoid proximity bias (favoring those physically present). Meeting formats and documentation should always include remote workers. AI tools used for remote evaluations or communication must also be tested for bias, tone sensitivity, and equal accessibility. 9.9 Travel Expectations Remote and hybrid employees may occasionally be asked to travel for: • Team off-sites or retreats • In-person trainings or workshops • Client-facing meetings","{'producer': 'macOS Version 15.5 (Build 24F74) Quartz PDFContext', 'creator': 'Word', 'creationdate': ""D:20250716221643Z00'00'"", 'title': 'employee_handbook', 'author': 'Aqdas Tanweer', 'moddate': ""D:20250716221643Z00'00'"", 'source': 'c:\\Users\\veerg\\OneDrive\\QuadrantInternship_TeamOne\\backend\\employee_handbook.pdf', 'total_pages': 82, 'page': 30, 'page_label': '31'}"
133,trainings or workshops • Client-facing meetings (for client-related roles) Travel expectations will be communicated with advance notice and covered per the Expense & Reimbursement Policy (see Section 11).,"{'producer': 'macOS Version 15.5 (Build 24F74) Quartz PDFContext', 'creator': 'Word', 'creationdate': ""D:20250716221643Z00'00'"", 'title': 'employee_handbook', 'author': 'Aqdas Tanweer', 'moddate': ""D:20250716221643Z00'00'"", 'source': 'c:\\Users\\veerg\\OneDrive\\QuadrantInternship_TeamOne\\backend\\employee_handbook.pdf', 'total_pages': 82, 'page': 30, 'page_label': '31'}"
134,"9.10 Learning & Support Resources To support remote success, we provide: • Training on time management, communication, and virtual collaboration • Manager guides for leading distributed teams • Mental health and ergonomics webinars • Access to coaching or mentoring (in person or virtual) Resources are accessible 24/7 via the Learning & Development Portal. 9.11 Termination or Adjustment of Remote Privileges Remote work arrangements may be modified or terminated if: • Performance concerns arise •","{'producer': 'macOS Version 15.5 (Build 24F74) Quartz PDFContext', 'creator': 'Word', 'creationdate': ""D:20250716221643Z00'00'"", 'title': 'employee_handbook', 'author': 'Aqdas Tanweer', 'moddate': ""D:20250716221643Z00'00'"", 'source': 'c:\\Users\\veerg\\OneDrive\\QuadrantInternship_TeamOne\\backend\\employee_handbook.pdf', 'total_pages': 82, 'page': 31, 'page_label': '32'}"
135,"or terminated if: • Performance concerns arise • Security/compliance breaches occur • Business or role requirements change • Remote work guidelines are repeatedly violated Employees will be notified in writing and given an opportunity to address concerns before final decisions are made. 9.12 AI Alignment Note AI systems supporting remote and hybrid work must: • Respect employee privacy and avoid surveillance-style monitoring • Support productivity through non-invasive tools (e.g., meeting","{'producer': 'macOS Version 15.5 (Build 24F74) Quartz PDFContext', 'creator': 'Word', 'creationdate': ""D:20250716221643Z00'00'"", 'title': 'employee_handbook', 'author': 'Aqdas Tanweer', 'moddate': ""D:20250716221643Z00'00'"", 'source': 'c:\\Users\\veerg\\OneDrive\\QuadrantInternship_TeamOne\\backend\\employee_handbook.pdf', 'total_pages': 82, 'page': 31, 'page_label': '32'}"
136,"through non-invasive tools (e.g., meeting summaries, reminders, timezone support) • Avoid bias against remote workers in evaluations or recommendations • Be transparent about how data is used, and who has access All AI-generated insights or nudges must be reviewed regularly for fairness and clarity. 9.13 Feedback & Policy Review We regularly review and evolve our remote work policies to reflect: • Employee feedback • Industry trends • Legal compliance • Technological advancements Have","{'producer': 'macOS Version 15.5 (Build 24F74) Quartz PDFContext', 'creator': 'Word', 'creationdate': ""D:20250716221643Z00'00'"", 'title': 'employee_handbook', 'author': 'Aqdas Tanweer', 'moddate': ""D:20250716221643Z00'00'"", 'source': 'c:\\Users\\veerg\\OneDrive\\QuadrantInternship_TeamOne\\backend\\employee_handbook.pdf', 'total_pages': 82, 'page': 31, 'page_label': '32'}"
137,compliance • Technological advancements Have suggestions? Reach out to peopleops@company.com or submit feedback through the Workplace Policy Portal.,"{'producer': 'macOS Version 15.5 (Build 24F74) Quartz PDFContext', 'creator': 'Word', 'creationdate': ""D:20250716221643Z00'00'"", 'title': 'employee_handbook', 'author': 'Aqdas Tanweer', 'moddate': ""D:20250716221643Z00'00'"", 'source': 'c:\\Users\\veerg\\OneDrive\\QuadrantInternship_TeamOne\\backend\\employee_handbook.pdf', 'total_pages': 82, 'page': 31, 'page_label': '32'}"
138,"Section 10: IT & Security Policies In today’s digital workplace, the protection of our data, systems, and infrastructure is paramount. [Company Name] provides employees with the tools needed to perform their roles efficiently, and in return, expects responsible and secure usage of all technology resources. This section outlines policies regarding the use of hardware and software, cybersecurity protocols, data protection, and employee responsibilities in maintaining the integrity of our IT","{'producer': 'macOS Version 15.5 (Build 24F74) Quartz PDFContext', 'creator': 'Word', 'creationdate': ""D:20250716221643Z00'00'"", 'title': 'employee_handbook', 'author': 'Aqdas Tanweer', 'moddate': ""D:20250716221643Z00'00'"", 'source': 'c:\\Users\\veerg\\OneDrive\\QuadrantInternship_TeamOne\\backend\\employee_handbook.pdf', 'total_pages': 82, 'page': 32, 'page_label': '33'}"
139,"in maintaining the integrity of our IT systems — whether in-office or remote. 10.1 Acceptable Use Policy (AUP) All company-provided technology must be used responsibly and strictly for work-related activities, unless otherwise approved. Examples of company-provided tools include: • Laptops, monitors, and peripherals • Software licenses and productivity tools • Email accounts, messaging platforms, and calendars • Internal databases and dashboards • VPN and cloud storage systems Permitted","{'producer': 'macOS Version 15.5 (Build 24F74) Quartz PDFContext', 'creator': 'Word', 'creationdate': ""D:20250716221643Z00'00'"", 'title': 'employee_handbook', 'author': 'Aqdas Tanweer', 'moddate': ""D:20250716221643Z00'00'"", 'source': 'c:\\Users\\veerg\\OneDrive\\QuadrantInternship_TeamOne\\backend\\employee_handbook.pdf', 'total_pages': 82, 'page': 32, 'page_label': '33'}"
140,"• VPN and cloud storage systems Permitted Personal Use (Limited): • Brief internet browsing during breaks • Personal communication in emergency situations • Use of personal accounts during non-working hours, provided it does not interfere with security or productivity Prohibited Use: • Accessing or distributing offensive, pornographic, or violent content • Downloading pirated software or media • Using tools to mask IP addresses or bypass security filters • Engaging in illegal activities,","{'producer': 'macOS Version 15.5 (Build 24F74) Quartz PDFContext', 'creator': 'Word', 'creationdate': ""D:20250716221643Z00'00'"", 'title': 'employee_handbook', 'author': 'Aqdas Tanweer', 'moddate': ""D:20250716221643Z00'00'"", 'source': 'c:\\Users\\veerg\\OneDrive\\QuadrantInternship_TeamOne\\backend\\employee_handbook.pdf', 'total_pages': 82, 'page': 32, 'page_label': '33'}"
141,"filters • Engaging in illegal activities, gambling, or political campaigning using work devices Violations may result in revocation of access and/or disciplinary action. 10.2 Information Security Principles Our cybersecurity strategy is built on the following core principles:","{'producer': 'macOS Version 15.5 (Build 24F74) Quartz PDFContext', 'creator': 'Word', 'creationdate': ""D:20250716221643Z00'00'"", 'title': 'employee_handbook', 'author': 'Aqdas Tanweer', 'moddate': ""D:20250716221643Z00'00'"", 'source': 'c:\\Users\\veerg\\OneDrive\\QuadrantInternship_TeamOne\\backend\\employee_handbook.pdf', 'total_pages': 82, 'page': 32, 'page_label': '33'}"
142,"• Confidentiality: Protecting sensitive data from unauthorized access • Integrity: Ensuring data accuracy and preventing tampering • Availability: Keeping systems and information accessible to authorized users • Accountability: Logging and auditing access to critical systems These principles apply to all employees, contractors, and any AI-driven systems with access to internal data. 10.3 Password Policy To ensure account security: • Passwords must be at least 12 characters long and include a mix","{'producer': 'macOS Version 15.5 (Build 24F74) Quartz PDFContext', 'creator': 'Word', 'creationdate': ""D:20250716221643Z00'00'"", 'title': 'employee_handbook', 'author': 'Aqdas Tanweer', 'moddate': ""D:20250716221643Z00'00'"", 'source': 'c:\\Users\\veerg\\OneDrive\\QuadrantInternship_TeamOne\\backend\\employee_handbook.pdf', 'total_pages': 82, 'page': 33, 'page_label': '34'}"
143,"be at least 12 characters long and include a mix of letters, numbers, and symbols. • Passwords should not contain easily guessable info (e.g., names, birthdays). • Passwords must be updated every 90 days. • Password managers (e.g., LastPass, 1Password) are encouraged and supported. • Sharing passwords with anyone, including coworkers, is strictly prohibited. Multi-factor authentication (MFA) is mandatory for all company systems. 10.4 Network & VPN Usage When working remotely or outside the","{'producer': 'macOS Version 15.5 (Build 24F74) Quartz PDFContext', 'creator': 'Word', 'creationdate': ""D:20250716221643Z00'00'"", 'title': 'employee_handbook', 'author': 'Aqdas Tanweer', 'moddate': ""D:20250716221643Z00'00'"", 'source': 'c:\\Users\\veerg\\OneDrive\\QuadrantInternship_TeamOne\\backend\\employee_handbook.pdf', 'total_pages': 82, 'page': 33, 'page_label': '34'}"
144,"& VPN Usage When working remotely or outside the office, employees must connect through the company’s secure Virtual Private Network (VPN). Requirements: • VPN must be active whenever accessing internal files or tools. • Public Wi-Fi should only be used with VPN enabled. • Home routers should be password-protected and updated regularly. • Never connect to company systems via open, unsecured networks without VPN. 10.5 Data Classification & Handling To ensure compliance and safety, all data must","{'producer': 'macOS Version 15.5 (Build 24F74) Quartz PDFContext', 'creator': 'Word', 'creationdate': ""D:20250716221643Z00'00'"", 'title': 'employee_handbook', 'author': 'Aqdas Tanweer', 'moddate': ""D:20250716221643Z00'00'"", 'source': 'c:\\Users\\veerg\\OneDrive\\QuadrantInternship_TeamOne\\backend\\employee_handbook.pdf', 'total_pages': 82, 'page': 33, 'page_label': '34'}"
145,"To ensure compliance and safety, all data must be handled according to its classification: Data Classification Examples Handling Requirements Confidential Employee records, financials, legal docs Encrypted storage; access by approval only Internal Use Project plans, team metrics, internal chats Secure channels only; not shareable outside company Public Marketing materials, public press releases May be shared externally with proper approval","{'producer': 'macOS Version 15.5 (Build 24F74) Quartz PDFContext', 'creator': 'Word', 'creationdate': ""D:20250716221643Z00'00'"", 'title': 'employee_handbook', 'author': 'Aqdas Tanweer', 'moddate': ""D:20250716221643Z00'00'"", 'source': 'c:\\Users\\veerg\\OneDrive\\QuadrantInternship_TeamOne\\backend\\employee_handbook.pdf', 'total_pages': 82, 'page': 33, 'page_label': '34'}"
146,"Never store confidential data on personal devices or external drives without encryption and written approval. 10.6 IT Support & Incident Reporting If you encounter: • Technical issues (device malfunction, software errors) • Suspicious emails, files, or pop-ups • Lost or stolen devices • Unauthorized access attempts Report it immediately via: • IT Helpdesk: ithelp@company.com • Incident Hotline: 1-800-SECURE • Internal Support Ticket System (available in the portal) Employees are not allowed to","{'producer': 'macOS Version 15.5 (Build 24F74) Quartz PDFContext', 'creator': 'Word', 'creationdate': ""D:20250716221643Z00'00'"", 'title': 'employee_handbook', 'author': 'Aqdas Tanweer', 'moddate': ""D:20250716221643Z00'00'"", 'source': 'c:\\Users\\veerg\\OneDrive\\QuadrantInternship_TeamOne\\backend\\employee_handbook.pdf', 'total_pages': 82, 'page': 34, 'page_label': '35'}"
147,"in the portal) Employees are not allowed to attempt repairs on their own or use unauthorized third-party tech support. 10.7 Email, Messaging, and Communication Tools Professional communication practices must be followed at all times. • Use clear, respectful, and inclusive language. • Never send confidential information via unsecured email. • Company email should not be used for personal accounts or subscriptions. • Never click suspicious links or download unexpected attachments. • Internal chat","{'producer': 'macOS Version 15.5 (Build 24F74) Quartz PDFContext', 'creator': 'Word', 'creationdate': ""D:20250716221643Z00'00'"", 'title': 'employee_handbook', 'author': 'Aqdas Tanweer', 'moddate': ""D:20250716221643Z00'00'"", 'source': 'c:\\Users\\veerg\\OneDrive\\QuadrantInternship_TeamOne\\backend\\employee_handbook.pdf', 'total_pages': 82, 'page': 34, 'page_label': '35'}"
148,"download unexpected attachments. • Internal chat tools (e.g., Teams, Slack) are monitored and must not be used to harass, gossip, or spread misinformation. AI tools may assist in summarizing or suggesting message content, but human review is always required for final communications. 10.8 Monitoring & Privacy To ensure security and compliance, [Company Name] reserves the right to monitor: • Email and messaging activity • Network and application usage • Login/logout activity • System health and","{'producer': 'macOS Version 15.5 (Build 24F74) Quartz PDFContext', 'creator': 'Word', 'creationdate': ""D:20250716221643Z00'00'"", 'title': 'employee_handbook', 'author': 'Aqdas Tanweer', 'moddate': ""D:20250716221643Z00'00'"", 'source': 'c:\\Users\\veerg\\OneDrive\\QuadrantInternship_TeamOne\\backend\\employee_handbook.pdf', 'total_pages': 82, 'page': 34, 'page_label': '35'}"
149,usage • Login/logout activity • System health and software updates However:,"{'producer': 'macOS Version 15.5 (Build 24F74) Quartz PDFContext', 'creator': 'Word', 'creationdate': ""D:20250716221643Z00'00'"", 'title': 'employee_handbook', 'author': 'Aqdas Tanweer', 'moddate': ""D:20250716221643Z00'00'"", 'source': 'c:\\Users\\veerg\\OneDrive\\QuadrantInternship_TeamOne\\backend\\employee_handbook.pdf', 'total_pages': 82, 'page': 34, 'page_label': '35'}"
150,"• We do not monitor private non-work accounts used during breaks. • We do not record keystrokes, webcam usage, or private conversations without legal justification. • All monitoring is audited, limited, and compliant with applicable privacy laws. 10.9 Software & Application Usage • Only use software approved and installed by IT. • Do not install unlicensed, outdated, or personal software on work devices. • Requests for new software must go through the Software Request Form on the IT portal. •","{'producer': 'macOS Version 15.5 (Build 24F74) Quartz PDFContext', 'creator': 'Word', 'creationdate': ""D:20250716221643Z00'00'"", 'title': 'employee_handbook', 'author': 'Aqdas Tanweer', 'moddate': ""D:20250716221643Z00'00'"", 'source': 'c:\\Users\\veerg\\OneDrive\\QuadrantInternship_TeamOne\\backend\\employee_handbook.pdf', 'total_pages': 82, 'page': 35, 'page_label': '36'}"
151,"the Software Request Form on the IT portal. • Periodic audits will check for compliance and uninstall unauthorized applications. 10.10 Disposal of Hardware & Data When hardware is retired or data is no longer needed: • Devices must be returned to IT for secure wiping and recycling. • Hard drives, USBs, or paper files with sensitive information must be destroyed using approved methods (e.g., shredding, data wiping tools). • Do not sell, give away, or throw out any company-owned device without","{'producer': 'macOS Version 15.5 (Build 24F74) Quartz PDFContext', 'creator': 'Word', 'creationdate': ""D:20250716221643Z00'00'"", 'title': 'employee_handbook', 'author': 'Aqdas Tanweer', 'moddate': ""D:20250716221643Z00'00'"", 'source': 'c:\\Users\\veerg\\OneDrive\\QuadrantInternship_TeamOne\\backend\\employee_handbook.pdf', 'total_pages': 82, 'page': 35, 'page_label': '36'}"
152,"or throw out any company-owned device without written approval. 10.11 AI Systems & Cybersecurity Internal AI tools (e.g., chatbots, recommender systems, scheduling assistants) must comply with all security standards. AI systems must: • Log all access and usage events • Never access or expose confidential information without permissions • Alert IT in real-time for anomalies or attempted breaches • Be tested for vulnerability exploits before deployment • Undergo regular audits for prompt patching","{'producer': 'macOS Version 15.5 (Build 24F74) Quartz PDFContext', 'creator': 'Word', 'creationdate': ""D:20250716221643Z00'00'"", 'title': 'employee_handbook', 'author': 'Aqdas Tanweer', 'moddate': ""D:20250716221643Z00'00'"", 'source': 'c:\\Users\\veerg\\OneDrive\\QuadrantInternship_TeamOne\\backend\\employee_handbook.pdf', 'total_pages': 82, 'page': 35, 'page_label': '36'}"
153,"• Undergo regular audits for prompt patching and compliance Employees must not use public AI tools (e.g., ChatGPT, Bard) to submit company data or confidential information unless specifically approved. 10.12 Remote Device Requirements If using a personal or remote device for work (BYOD policy), it must: • Have updated antivirus software • Use encrypted storage • Enable firewall protections","{'producer': 'macOS Version 15.5 (Build 24F74) Quartz PDFContext', 'creator': 'Word', 'creationdate': ""D:20250716221643Z00'00'"", 'title': 'employee_handbook', 'author': 'Aqdas Tanweer', 'moddate': ""D:20250716221643Z00'00'"", 'source': 'c:\\Users\\veerg\\OneDrive\\QuadrantInternship_TeamOne\\backend\\employee_handbook.pdf', 'total_pages': 82, 'page': 35, 'page_label': '36'}"
154,• Be password or biometric locked • Be registered with IT for mobile device management (MDM) Lost or stolen devices must be reported immediately for remote wipe protocols. 10.13 AI Alignment Note All AI systems must align with the following IT & Security principles: • Secure by Design: No AI system should access more data than necessary. • Least Privilege: Limit data access and model permissions to essential functions only. • Human-in-the-Loop: No autonomous decision-making without human review,"{'producer': 'macOS Version 15.5 (Build 24F74) Quartz PDFContext', 'creator': 'Word', 'creationdate': ""D:20250716221643Z00'00'"", 'title': 'employee_handbook', 'author': 'Aqdas Tanweer', 'moddate': ""D:20250716221643Z00'00'"", 'source': 'c:\\Users\\veerg\\OneDrive\\QuadrantInternship_TeamOne\\backend\\employee_handbook.pdf', 'total_pages': 82, 'page': 36, 'page_label': '37'}"
155,"autonomous decision-making without human review in sensitive scenarios. • Bias & Security Review: All models must be tested for both fairness and cybersecurity threats before rollout. Chatbots, recommendation tools, and analytics engines must be configured to prevent information leakage, user impersonation, and phishing assistance. 10.14 Policy Acknowledgment & Training All employees must: • Complete annual IT security training • Read and acknowledge this policy upon hire and after any major","{'producer': 'macOS Version 15.5 (Build 24F74) Quartz PDFContext', 'creator': 'Word', 'creationdate': ""D:20250716221643Z00'00'"", 'title': 'employee_handbook', 'author': 'Aqdas Tanweer', 'moddate': ""D:20250716221643Z00'00'"", 'source': 'c:\\Users\\veerg\\OneDrive\\QuadrantInternship_TeamOne\\backend\\employee_handbook.pdf', 'total_pages': 82, 'page': 36, 'page_label': '37'}"
156,"this policy upon hire and after any major revision • Report policy violations immediately Failure to follow IT and security protocols may result in: • Loss of system access • Disciplinary action • Legal liability in case of breach   Section 11: Expense & Reimbursement Policies [Company Name] supports reimbursing employees for reasonable and necessary business-related expenses incurred while performing their duties. This policy ensures transparency, accountability, and efficiency in how funds","{'producer': 'macOS Version 15.5 (Build 24F74) Quartz PDFContext', 'creator': 'Word', 'creationdate': ""D:20250716221643Z00'00'"", 'title': 'employee_handbook', 'author': 'Aqdas Tanweer', 'moddate': ""D:20250716221643Z00'00'"", 'source': 'c:\\Users\\veerg\\OneDrive\\QuadrantInternship_TeamOne\\backend\\employee_handbook.pdf', 'total_pages': 82, 'page': 36, 'page_label': '37'}"
157,"accountability, and efficiency in how funds are requested, approved, and reimbursed. This section outlines what expenses are reimbursable, approval workflows, submission procedures, and the use of AI systems for automating and verifying compliance.","{'producer': 'macOS Version 15.5 (Build 24F74) Quartz PDFContext', 'creator': 'Word', 'creationdate': ""D:20250716221643Z00'00'"", 'title': 'employee_handbook', 'author': 'Aqdas Tanweer', 'moddate': ""D:20250716221643Z00'00'"", 'source': 'c:\\Users\\veerg\\OneDrive\\QuadrantInternship_TeamOne\\backend\\employee_handbook.pdf', 'total_pages': 82, 'page': 36, 'page_label': '37'}"
158,11.1 Purpose of the Policy The goals of this policy are to: • Provide clear guidance on reimbursable expenses • Prevent misuse of company funds • Ensure employees are reimbursed fairly and promptly • Maintain financial and tax compliance • Enable automation tools to support accurate claims processing All expenses must be: • Business-related • Reasonable in amount • Properly documented • Approved by an authorized manager 11.2 Reimbursable Expenses Below is a list of commonly reimbursable,"{'producer': 'macOS Version 15.5 (Build 24F74) Quartz PDFContext', 'creator': 'Word', 'creationdate': ""D:20250716221643Z00'00'"", 'title': 'employee_handbook', 'author': 'Aqdas Tanweer', 'moddate': ""D:20250716221643Z00'00'"", 'source': 'c:\\Users\\veerg\\OneDrive\\QuadrantInternship_TeamOne\\backend\\employee_handbook.pdf', 'total_pages': 82, 'page': 37, 'page_label': '38'}"
159,"Expenses Below is a list of commonly reimbursable categories: Travel Expenses • Transportation: airfare, train, ride-share, mileage (when using a personal vehicle) • Lodging: hotel or Airbnb (within budget guidelines) • Meals: breakfast, lunch, dinner during business travel • Baggage fees, tolls, parking, and transit passes Professional Development • Conferences, workshops, or training programs related to your role • Course materials, registration fees • Required travel costs associated with","{'producer': 'macOS Version 15.5 (Build 24F74) Quartz PDFContext', 'creator': 'Word', 'creationdate': ""D:20250716221643Z00'00'"", 'title': 'employee_handbook', 'author': 'Aqdas Tanweer', 'moddate': ""D:20250716221643Z00'00'"", 'source': 'c:\\Users\\veerg\\OneDrive\\QuadrantInternship_TeamOne\\backend\\employee_handbook.pdf', 'total_pages': 82, 'page': 37, 'page_label': '38'}"
160,"fees • Required travel costs associated with learning events Work-from-Home / Office Supplies • Office chair, desk, webcam (if not issued directly) • Internet subsidy (for eligible remote workers) • Notebooks, adapters, basic ergonomic tools (with limit caps) Tools and Software • Software tools not provided centrally but required for your role (requires prior approval) • Licenses, subscriptions, or usage-based tools tied to client or project needs","{'producer': 'macOS Version 15.5 (Build 24F74) Quartz PDFContext', 'creator': 'Word', 'creationdate': ""D:20250716221643Z00'00'"", 'title': 'employee_handbook', 'author': 'Aqdas Tanweer', 'moddate': ""D:20250716221643Z00'00'"", 'source': 'c:\\Users\\veerg\\OneDrive\\QuadrantInternship_TeamOne\\backend\\employee_handbook.pdf', 'total_pages': 82, 'page': 37, 'page_label': '38'}"
161,"Client and Team Meals • Meals or refreshments during client-facing meetings • Team meals (with prior manager approval) for off-sites or business purposes 11.3 Non-Reimbursable Expenses The following expenses are not reimbursable under any circumstances: • Alcohol (unless pre-approved for client meetings or events) • Personal entertainment (e.g., movies, spa, gym visits) • Clothing or grooming expenses • Traffic tickets or parking violations • Room service or minibar charges • Travel upgrades","{'producer': 'macOS Version 15.5 (Build 24F74) Quartz PDFContext', 'creator': 'Word', 'creationdate': ""D:20250716221643Z00'00'"", 'title': 'employee_handbook', 'author': 'Aqdas Tanweer', 'moddate': ""D:20250716221643Z00'00'"", 'source': 'c:\\Users\\veerg\\OneDrive\\QuadrantInternship_TeamOne\\backend\\employee_handbook.pdf', 'total_pages': 82, 'page': 38, 'page_label': '39'}"
162,"Room service or minibar charges • Travel upgrades (first class, extra legroom) without prior approval • Pet care, childcare, or house sitting during travel If you’re unsure whether something is covered, consult finance@company.com before incurring the cost. 11.4 Pre-Approval Requirements The following expenses require written pre-approval from a manager or department head: • Travel exceeding $1,000 total cost • Equipment over $300 (e.g., monitors, chairs) • Conferences, speaking engagements, or","{'producer': 'macOS Version 15.5 (Build 24F74) Quartz PDFContext', 'creator': 'Word', 'creationdate': ""D:20250716221643Z00'00'"", 'title': 'employee_handbook', 'author': 'Aqdas Tanweer', 'moddate': ""D:20250716221643Z00'00'"", 'source': 'c:\\Users\\veerg\\OneDrive\\QuadrantInternship_TeamOne\\backend\\employee_handbook.pdf', 'total_pages': 82, 'page': 38, 'page_label': '39'}"
163,"chairs) • Conferences, speaking engagements, or certifications • Any travel outside your home country • Department meals over $200 Employees must submit a Pre-Approval Form through the Finance Portal. 11.5 Submission Process To receive reimbursement: 1. Submit an Expense Reimbursement Form via the Finance Portal. 2. Include clear documentation: o Itemized receipts o Credit card or bank statement (if requested for verification) o Business purpose and project/client name (if applicable) 3. Submit","{'producer': 'macOS Version 15.5 (Build 24F74) Quartz PDFContext', 'creator': 'Word', 'creationdate': ""D:20250716221643Z00'00'"", 'title': 'employee_handbook', 'author': 'Aqdas Tanweer', 'moddate': ""D:20250716221643Z00'00'"", 'source': 'c:\\Users\\veerg\\OneDrive\\QuadrantInternship_TeamOne\\backend\\employee_handbook.pdf', 'total_pages': 82, 'page': 38, 'page_label': '39'}"
164,and project/client name (if applicable) 3. Submit within 30 days of the expense date. 4. Approver will review within 5 business days. 5. Reimbursement is issued via payroll or direct deposit (usually within 10 days after approval).,"{'producer': 'macOS Version 15.5 (Build 24F74) Quartz PDFContext', 'creator': 'Word', 'creationdate': ""D:20250716221643Z00'00'"", 'title': 'employee_handbook', 'author': 'Aqdas Tanweer', 'moddate': ""D:20250716221643Z00'00'"", 'source': 'c:\\Users\\veerg\\OneDrive\\QuadrantInternship_TeamOne\\backend\\employee_handbook.pdf', 'total_pages': 82, 'page': 38, 'page_label': '39'}"
165,"Late or incomplete submissions may be delayed or denied. 11.6 Monthly Expense Reports (For Frequent Travelers or Managers) Employees who incur multiple monthly expenses should consolidate them into one monthly report and submit it no later than the 5th business day of the next month. These reports must be: • Categorized (travel, meals, tools, etc.) • Supported by itemized receipts • Signed by the employee and manager A digital signature is acceptable. 11.7 Receipt Guidelines Receipts must","{'producer': 'macOS Version 15.5 (Build 24F74) Quartz PDFContext', 'creator': 'Word', 'creationdate': ""D:20250716221643Z00'00'"", 'title': 'employee_handbook', 'author': 'Aqdas Tanweer', 'moddate': ""D:20250716221643Z00'00'"", 'source': 'c:\\Users\\veerg\\OneDrive\\QuadrantInternship_TeamOne\\backend\\employee_handbook.pdf', 'total_pages': 82, 'page': 39, 'page_label': '40'}"
166,acceptable. 11.7 Receipt Guidelines Receipts must clearly display: • Vendor name • Date of purchase • Itemized list of goods/services • Total amount • Method of payment (optional) Photo receipts or PDF downloads are acceptable if legible. Handwritten notes or card-only screenshots are not sufficient unless supported by explanation. If a receipt is lost: • Submit a Lost Receipt Declaration Form • Approval is at Finance’s discretion 11.8 Corporate Cards (If Issued) Some employees may be issued a,"{'producer': 'macOS Version 15.5 (Build 24F74) Quartz PDFContext', 'creator': 'Word', 'creationdate': ""D:20250716221643Z00'00'"", 'title': 'employee_handbook', 'author': 'Aqdas Tanweer', 'moddate': ""D:20250716221643Z00'00'"", 'source': 'c:\\Users\\veerg\\OneDrive\\QuadrantInternship_TeamOne\\backend\\employee_handbook.pdf', 'total_pages': 82, 'page': 39, 'page_label': '40'}"
167,"Cards (If Issued) Some employees may be issued a company credit card for frequent purchases. Cardholders must: • Only use cards for authorized, work-related expenses • Submit itemized receipts with explanations for every transaction • Reconcile card statements monthly • Report lost/stolen cards immediately to finance@company.com Misuse of a corporate card may result in revocation, repayment obligations, or disciplinary action.","{'producer': 'macOS Version 15.5 (Build 24F74) Quartz PDFContext', 'creator': 'Word', 'creationdate': ""D:20250716221643Z00'00'"", 'title': 'employee_handbook', 'author': 'Aqdas Tanweer', 'moddate': ""D:20250716221643Z00'00'"", 'source': 'c:\\Users\\veerg\\OneDrive\\QuadrantInternship_TeamOne\\backend\\employee_handbook.pdf', 'total_pages': 82, 'page': 39, 'page_label': '40'}"
168,"11.9 AI Use in Expense Management AI tools may assist in: • Auto-categorizing expenses based on receipt content • Flagging potential violations (e.g., duplicates, missing documentation) • Suggesting reimbursement amounts for mileage or per diem • Sending reminders for submission deadlines AI systems: • Do not approve or deny reimbursements automatically • Must never access personal financial data without consent • Are reviewed periodically to avoid bias or errors in pattern detection All final","{'producer': 'macOS Version 15.5 (Build 24F74) Quartz PDFContext', 'creator': 'Word', 'creationdate': ""D:20250716221643Z00'00'"", 'title': 'employee_handbook', 'author': 'Aqdas Tanweer', 'moddate': ""D:20250716221643Z00'00'"", 'source': 'c:\\Users\\veerg\\OneDrive\\QuadrantInternship_TeamOne\\backend\\employee_handbook.pdf', 'total_pages': 82, 'page': 40, 'page_label': '41'}"
169,bias or errors in pattern detection All final decisions are made by human finance reviewers. 11.10 Per Diem & Mileage Guidelines Per Diem (Where Applicable): • Based on federal or local rates • No receipts required if per diem is approved • Cannot be combined with other food reimbursements Mileage (For Personal Vehicles): • Reimbursed at the current IRS rate (or local equivalent) • Requires odometer start/end or Google Maps screenshot • Business purpose and client/project must be noted 11.11,"{'producer': 'macOS Version 15.5 (Build 24F74) Quartz PDFContext', 'creator': 'Word', 'creationdate': ""D:20250716221643Z00'00'"", 'title': 'employee_handbook', 'author': 'Aqdas Tanweer', 'moddate': ""D:20250716221643Z00'00'"", 'source': 'c:\\Users\\veerg\\OneDrive\\QuadrantInternship_TeamOne\\backend\\employee_handbook.pdf', 'total_pages': 82, 'page': 40, 'page_label': '41'}"
170,purpose and client/project must be noted 11.11 Tax and Compliance Considerations • Reimbursements for eligible business expenses are not taxable income • Employees are responsible for accurate reporting of reimbursements when audited • Company is responsible for maintaining records for at least 5 years • Fraudulent reimbursement claims may result in disciplinary or legal action 11.12 Policy Updates and Feedback We review this policy annually and update based on: • Employee feedback • Regulatory,"{'producer': 'macOS Version 15.5 (Build 24F74) Quartz PDFContext', 'creator': 'Word', 'creationdate': ""D:20250716221643Z00'00'"", 'title': 'employee_handbook', 'author': 'Aqdas Tanweer', 'moddate': ""D:20250716221643Z00'00'"", 'source': 'c:\\Users\\veerg\\OneDrive\\QuadrantInternship_TeamOne\\backend\\employee_handbook.pdf', 'total_pages': 82, 'page': 40, 'page_label': '41'}"
171,update based on: • Employee feedback • Regulatory changes • Travel and technology trends • Departmental budgets,"{'producer': 'macOS Version 15.5 (Build 24F74) Quartz PDFContext', 'creator': 'Word', 'creationdate': ""D:20250716221643Z00'00'"", 'title': 'employee_handbook', 'author': 'Aqdas Tanweer', 'moddate': ""D:20250716221643Z00'00'"", 'source': 'c:\\Users\\veerg\\OneDrive\\QuadrantInternship_TeamOne\\backend\\employee_handbook.pdf', 'total_pages': 82, 'page': 40, 'page_label': '41'}"
172,"Suggestions can be submitted to finance@company.com or through the anonymous Workplace Feedback Form. AI Alignment Note All AI tools managing or assisting with expense submissions must: • Respect privacy of employee data and spending patterns • Follow the latest approved policy logic • Be transparent about their actions and outputs (e.g., “This receipt may be missing info”) • Defer to human review in all approval workflows • Avoid making decisions based on personal identity, travel frequency, or","{'producer': 'macOS Version 15.5 (Build 24F74) Quartz PDFContext', 'creator': 'Word', 'creationdate': ""D:20250716221643Z00'00'"", 'title': 'employee_handbook', 'author': 'Aqdas Tanweer', 'moddate': ""D:20250716221643Z00'00'"", 'source': 'c:\\Users\\veerg\\OneDrive\\QuadrantInternship_TeamOne\\backend\\employee_handbook.pdf', 'total_pages': 82, 'page': 41, 'page_label': '42'}"
173,"based on personal identity, travel frequency, or past activity unless directly relevant and compliant   Section 12: Performance Reviews & Career Development At [Company Name], we believe performance management is not about micromanagement — it’s about meaningful growth, open communication, and setting employees up for long-term success. Our performance review and career development process is designed to be transparent, fair, and inclusive, with a focus on continuous feedback rather than","{'producer': 'macOS Version 15.5 (Build 24F74) Quartz PDFContext', 'creator': 'Word', 'creationdate': ""D:20250716221643Z00'00'"", 'title': 'employee_handbook', 'author': 'Aqdas Tanweer', 'moddate': ""D:20250716221643Z00'00'"", 'source': 'c:\\Users\\veerg\\OneDrive\\QuadrantInternship_TeamOne\\backend\\employee_handbook.pdf', 'total_pages': 82, 'page': 41, 'page_label': '42'}"
174,"with a focus on continuous feedback rather than once-a-year surprises. This section outlines how we evaluate performance, recognize excellence, plan career progression, and integrate AI responsibly to support employee development. 12.1 Performance Philosophy Our performance philosophy is rooted in the following principles: • Clarity: Employees deserve to know what’s expected and how success is measured. • Equity: All reviews are grounded in standardized, bias-aware evaluation criteria. •","{'producer': 'macOS Version 15.5 (Build 24F74) Quartz PDFContext', 'creator': 'Word', 'creationdate': ""D:20250716221643Z00'00'"", 'title': 'employee_handbook', 'author': 'Aqdas Tanweer', 'moddate': ""D:20250716221643Z00'00'"", 'source': 'c:\\Users\\veerg\\OneDrive\\QuadrantInternship_TeamOne\\backend\\employee_handbook.pdf', 'total_pages': 82, 'page': 41, 'page_label': '42'}"
175,"standardized, bias-aware evaluation criteria. • Growth: Feedback should help employees improve, not just rate them. • Recognition: Outstanding contributions are acknowledged and rewarded. • Support: Managers are coaches, not just assessors. 12.2 Review Cycle & Frequency Performance is evaluated regularly through a structured review cycle, which may include: Review Type Frequency Participants Formal Review Biannually or Annually Employee, Manager, HR Mid-Cycle Check-In Every 6 months Employee &","{'producer': 'macOS Version 15.5 (Build 24F74) Quartz PDFContext', 'creator': 'Word', 'creationdate': ""D:20250716221643Z00'00'"", 'title': 'employee_handbook', 'author': 'Aqdas Tanweer', 'moddate': ""D:20250716221643Z00'00'"", 'source': 'c:\\Users\\veerg\\OneDrive\\QuadrantInternship_TeamOne\\backend\\employee_handbook.pdf', 'total_pages': 82, 'page': 41, 'page_label': '42'}"
176,HR Mid-Cycle Check-In Every 6 months Employee & Manager,"{'producer': 'macOS Version 15.5 (Build 24F74) Quartz PDFContext', 'creator': 'Word', 'creationdate': ""D:20250716221643Z00'00'"", 'title': 'employee_handbook', 'author': 'Aqdas Tanweer', 'moddate': ""D:20250716221643Z00'00'"", 'source': 'c:\\Users\\veerg\\OneDrive\\QuadrantInternship_TeamOne\\backend\\employee_handbook.pdf', 'total_pages': 82, 'page': 41, 'page_label': '42'}"
177,"Review Type Frequency Participants 360° Feedback Annually (optional) Peers, Direct Reports, Collaborators Probationary Review After 90 days (new hires) Manager & HR You will be notified at least 30 days in advance of a formal review. 12.3 Review Components Reviews include a combination of the following: • Self-Assessment: Employees reflect on goals, wins, challenges, and future aspirations. • Manager Assessment: Managers evaluate role performance, growth, collaboration, and values alignment. •","{'producer': 'macOS Version 15.5 (Build 24F74) Quartz PDFContext', 'creator': 'Word', 'creationdate': ""D:20250716221643Z00'00'"", 'title': 'employee_handbook', 'author': 'Aqdas Tanweer', 'moddate': ""D:20250716221643Z00'00'"", 'source': 'c:\\Users\\veerg\\OneDrive\\QuadrantInternship_TeamOne\\backend\\employee_handbook.pdf', 'total_pages': 82, 'page': 42, 'page_label': '43'}"
178,"growth, collaboration, and values alignment. • Goal Progress Review: Review of progress on individual, team, and company-aligned goals (OKRs or KPIs). • Core Competency Evaluation: Based on your role’s level and expectations. • Career Path Planning: Discussion about future development and opportunities. Review forms, guidance, and past assessments are available in the HRIS system. 12.4 Evaluation Criteria Performance is evaluated on five key pillars: 1. Results & Impact – Meeting or exceeding","{'producer': 'macOS Version 15.5 (Build 24F74) Quartz PDFContext', 'creator': 'Word', 'creationdate': ""D:20250716221643Z00'00'"", 'title': 'employee_handbook', 'author': 'Aqdas Tanweer', 'moddate': ""D:20250716221643Z00'00'"", 'source': 'c:\\Users\\veerg\\OneDrive\\QuadrantInternship_TeamOne\\backend\\employee_handbook.pdf', 'total_pages': 82, 'page': 42, 'page_label': '43'}"
179,"1. Results & Impact – Meeting or exceeding goals and expectations. 2. Collaboration & Communication – Working well with others, active listening, and cross-team effectiveness. 3. Initiative & Innovation – Proactively identifying opportunities and improving processes. 4. Growth & Learning – Engaging in self-development, upskilling, and feedback integration. 5. Values Alignment – Demonstrating behaviors consistent with our core values (see Section 2). Each area is rated on a standardized scale","{'producer': 'macOS Version 15.5 (Build 24F74) Quartz PDFContext', 'creator': 'Word', 'creationdate': ""D:20250716221643Z00'00'"", 'title': 'employee_handbook', 'author': 'Aqdas Tanweer', 'moddate': ""D:20250716221643Z00'00'"", 'source': 'c:\\Users\\veerg\\OneDrive\\QuadrantInternship_TeamOne\\backend\\employee_handbook.pdf', 'total_pages': 82, 'page': 42, 'page_label': '43'}"
180,"2). Each area is rated on a standardized scale (e.g., Exceeds Expectations, Meets, Needs Improvement), and includes qualitative comments. 12.5 Feedback Guidelines For Employees: • Be honest and thoughtful in your self-assessment. • Use examples to support your contributions and challenges. • Share what support you need to grow.","{'producer': 'macOS Version 15.5 (Build 24F74) Quartz PDFContext', 'creator': 'Word', 'creationdate': ""D:20250716221643Z00'00'"", 'title': 'employee_handbook', 'author': 'Aqdas Tanweer', 'moddate': ""D:20250716221643Z00'00'"", 'source': 'c:\\Users\\veerg\\OneDrive\\QuadrantInternship_TeamOne\\backend\\employee_handbook.pdf', 'total_pages': 82, 'page': 42, 'page_label': '43'}"
181,"For Managers: • Offer specific, actionable feedback with examples. • Avoid bias or assumptions unrelated to work. • Celebrate strengths and highlight growth areas constructively. • Ask for the employee’s perspective before giving your own. For Peers (360°): • Focus on collaboration and working relationships. • Be respectful and constructive — feedback should help, not harm. 12.6 Career Pathways & Growth At [Company Name], we want employees to grow with us. Career development is a joint","{'producer': 'macOS Version 15.5 (Build 24F74) Quartz PDFContext', 'creator': 'Word', 'creationdate': ""D:20250716221643Z00'00'"", 'title': 'employee_handbook', 'author': 'Aqdas Tanweer', 'moddate': ""D:20250716221643Z00'00'"", 'source': 'c:\\Users\\veerg\\OneDrive\\QuadrantInternship_TeamOne\\backend\\employee_handbook.pdf', 'total_pages': 82, 'page': 43, 'page_label': '44'}"
182,"to grow with us. Career development is a joint responsibility between the employee, manager, and company. We support: • Clear career levels and promotion criteria (available in the Career Framework Library) • Internal job mobility and cross-functional opportunities • Individual Development Plans (IDPs) to map out 1–3 year goals • Regular Career Development Conversations (CDCs) outside of performance reviews Each role has documented skills, expectations, and progression markers. Promotions are","{'producer': 'macOS Version 15.5 (Build 24F74) Quartz PDFContext', 'creator': 'Word', 'creationdate': ""D:20250716221643Z00'00'"", 'title': 'employee_handbook', 'author': 'Aqdas Tanweer', 'moddate': ""D:20250716221643Z00'00'"", 'source': 'c:\\Users\\veerg\\OneDrive\\QuadrantInternship_TeamOne\\backend\\employee_handbook.pdf', 'total_pages': 82, 'page': 43, 'page_label': '44'}"
183,"and progression markers. Promotions are based on demonstrated readiness, not time served. 12.7 Learning & Development Integration Performance feedback is connected to L&D opportunities, including: • Skill-building courses (internal or sponsored external) • Access to certifications and workshops • Learning stipends and tuition reimbursement (see Section 13) • Leadership and people management training • Mentorship matching and ERG-hosted development circles Employees are encouraged to discuss","{'producer': 'macOS Version 15.5 (Build 24F74) Quartz PDFContext', 'creator': 'Word', 'creationdate': ""D:20250716221643Z00'00'"", 'title': 'employee_handbook', 'author': 'Aqdas Tanweer', 'moddate': ""D:20250716221643Z00'00'"", 'source': 'c:\\Users\\veerg\\OneDrive\\QuadrantInternship_TeamOne\\backend\\employee_handbook.pdf', 'total_pages': 82, 'page': 43, 'page_label': '44'}"
184,"circles Employees are encouraged to discuss learning goals during review cycles. 12.8 Promotions & Compensation Reviews Promotions may occur during or outside of review cycles based on performance, readiness, and available roles. Criteria for promotion:","{'producer': 'macOS Version 15.5 (Build 24F74) Quartz PDFContext', 'creator': 'Word', 'creationdate': ""D:20250716221643Z00'00'"", 'title': 'employee_handbook', 'author': 'Aqdas Tanweer', 'moddate': ""D:20250716221643Z00'00'"", 'source': 'c:\\Users\\veerg\\OneDrive\\QuadrantInternship_TeamOne\\backend\\employee_handbook.pdf', 'total_pages': 82, 'page': 43, 'page_label': '44'}"
185,"• Consistent high performance and values alignment • Demonstrated proficiency at the next level • Clear business need or role opening • Manager endorsement and peer/partner feedback (where applicable) All promotions and compensation adjustments are reviewed for equity across gender, race, and background by the HR/People team. Compensation reviews typically align with the performance review cycle and include merit-based raises, bonuses, and/or stock options (where applicable). 12.9 AI &","{'producer': 'macOS Version 15.5 (Build 24F74) Quartz PDFContext', 'creator': 'Word', 'creationdate': ""D:20250716221643Z00'00'"", 'title': 'employee_handbook', 'author': 'Aqdas Tanweer', 'moddate': ""D:20250716221643Z00'00'"", 'source': 'c:\\Users\\veerg\\OneDrive\\QuadrantInternship_TeamOne\\backend\\employee_handbook.pdf', 'total_pages': 82, 'page': 44, 'page_label': '45'}"
186,stock options (where applicable). 12.9 AI & Technology in Performance Reviews We use AI tools to support — not replace — performance management processes. Approved uses include: • Sentiment analysis of 360° feedback to highlight tone or trends • Automated reminders and task management for review deadlines • Natural language suggestions for clearer goal statements or summaries • Flagging inconsistencies or bias in feedback tone or language AI tools cannot: • Assign performance ratings • Override,"{'producer': 'macOS Version 15.5 (Build 24F74) Quartz PDFContext', 'creator': 'Word', 'creationdate': ""D:20250716221643Z00'00'"", 'title': 'employee_handbook', 'author': 'Aqdas Tanweer', 'moddate': ""D:20250716221643Z00'00'"", 'source': 'c:\\Users\\veerg\\OneDrive\\QuadrantInternship_TeamOne\\backend\\employee_handbook.pdf', 'total_pages': 82, 'page': 44, 'page_label': '45'}"
187,cannot: • Assign performance ratings • Override or finalize manager evaluations • Access private feedback or performance files without permission AI-generated content must be reviewed and approved by humans before it enters formal records. 12.10 Confidentiality & Access Performance reviews are confidential. Access is limited to: • The employee • Their manager(s) • HR or People Operations You may request a copy of your past reviews at any time through the HRIS system or via hr@company.com.,"{'producer': 'macOS Version 15.5 (Build 24F74) Quartz PDFContext', 'creator': 'Word', 'creationdate': ""D:20250716221643Z00'00'"", 'title': 'employee_handbook', 'author': 'Aqdas Tanweer', 'moddate': ""D:20250716221643Z00'00'"", 'source': 'c:\\Users\\veerg\\OneDrive\\QuadrantInternship_TeamOne\\backend\\employee_handbook.pdf', 'total_pages': 82, 'page': 44, 'page_label': '45'}"
188,through the HRIS system or via hr@company.com. Review feedback should never be shared or gossiped about — any breach of confidentiality is a serious violation of company trust.,"{'producer': 'macOS Version 15.5 (Build 24F74) Quartz PDFContext', 'creator': 'Word', 'creationdate': ""D:20250716221643Z00'00'"", 'title': 'employee_handbook', 'author': 'Aqdas Tanweer', 'moddate': ""D:20250716221643Z00'00'"", 'source': 'c:\\Users\\veerg\\OneDrive\\QuadrantInternship_TeamOne\\backend\\employee_handbook.pdf', 'total_pages': 82, 'page': 44, 'page_label': '45'}"
189,12.11 Feedback on the Review Process We welcome feedback on how to improve our performance management systems. You can: • Submit anonymous feedback through our People Experience Survey • Speak with HR during or after your review • Join quarterly focus groups on review design and DEI impact • Recommend changes through your team’s People Partner We are committed to continual improvement and employee-driven evolution of how we measure and support success. AI Alignment Note AI tools used for,"{'producer': 'macOS Version 15.5 (Build 24F74) Quartz PDFContext', 'creator': 'Word', 'creationdate': ""D:20250716221643Z00'00'"", 'title': 'employee_handbook', 'author': 'Aqdas Tanweer', 'moddate': ""D:20250716221643Z00'00'"", 'source': 'c:\\Users\\veerg\\OneDrive\\QuadrantInternship_TeamOne\\backend\\employee_handbook.pdf', 'total_pages': 82, 'page': 45, 'page_label': '46'}"
190,"success. AI Alignment Note AI tools used for performance reviews must: • Avoid biased scoring, identity-based assumptions, or tone misinterpretation • Be used only as assistive tools, not evaluators or final decision-makers • Log all outputs for review and transparency • Defer to HR and managers in all final review-related actions Bias audits and fairness checks must be conducted on all AI-generated review support tools at least quarterly.   Section 13: Training & Learning Resources At [Company","{'producer': 'macOS Version 15.5 (Build 24F74) Quartz PDFContext', 'creator': 'Word', 'creationdate': ""D:20250716221643Z00'00'"", 'title': 'employee_handbook', 'author': 'Aqdas Tanweer', 'moddate': ""D:20250716221643Z00'00'"", 'source': 'c:\\Users\\veerg\\OneDrive\\QuadrantInternship_TeamOne\\backend\\employee_handbook.pdf', 'total_pages': 82, 'page': 45, 'page_label': '46'}"
191,"13: Training & Learning Resources At [Company Name], we believe that knowledge fuels innovation, personal growth drives team success, and continuous learning is essential to staying agile in a dynamic world. Our training and learning programs are designed to empower employees at every level — whether you’re refining existing skills, learning new ones, or preparing for leadership. This section outlines available training programs, learning platforms, policies around course reimbursement,","{'producer': 'macOS Version 15.5 (Build 24F74) Quartz PDFContext', 'creator': 'Word', 'creationdate': ""D:20250716221643Z00'00'"", 'title': 'employee_handbook', 'author': 'Aqdas Tanweer', 'moddate': ""D:20250716221643Z00'00'"", 'source': 'c:\\Users\\veerg\\OneDrive\\QuadrantInternship_TeamOne\\backend\\employee_handbook.pdf', 'total_pages': 82, 'page': 45, 'page_label': '46'}"
192,"platforms, policies around course reimbursement, internal certification pathways, and how AI tools are responsibly integrated to enhance personalized learning experiences. 13.1 Learning Philosophy Our learning philosophy is built on five pillars:","{'producer': 'macOS Version 15.5 (Build 24F74) Quartz PDFContext', 'creator': 'Word', 'creationdate': ""D:20250716221643Z00'00'"", 'title': 'employee_handbook', 'author': 'Aqdas Tanweer', 'moddate': ""D:20250716221643Z00'00'"", 'source': 'c:\\Users\\veerg\\OneDrive\\QuadrantInternship_TeamOne\\backend\\employee_handbook.pdf', 'total_pages': 82, 'page': 45, 'page_label': '46'}"
193,"1. Access: Every employee deserves access to relevant, high-quality learning opportunities. 2. Equity: Resources and recommendations should be inclusive and tailored to different learning styles and career goals. 3. Relevance: Content must be role-aligned, skill-building, and future-focused. 4. Empowerment: Employees should drive their own learning journey with support from leadership. 5. Ethics: Learning systems (including AI-driven tools) must be transparent, unbiased, and employee-safe.","{'producer': 'macOS Version 15.5 (Build 24F74) Quartz PDFContext', 'creator': 'Word', 'creationdate': ""D:20250716221643Z00'00'"", 'title': 'employee_handbook', 'author': 'Aqdas Tanweer', 'moddate': ""D:20250716221643Z00'00'"", 'source': 'c:\\Users\\veerg\\OneDrive\\QuadrantInternship_TeamOne\\backend\\employee_handbook.pdf', 'total_pages': 82, 'page': 46, 'page_label': '47'}"
194,"must be transparent, unbiased, and employee-safe. Learning is not a luxury — it is a right and a responsibility. 13.2 Learning Platforms & Tools We provide a wide range of internal and external learning tools. These include: Internal Platforms: • Learning Hub: Central portal for company-created courses, compliance training, onboarding paths, and internal webinars. • SkillTrack: Role-based learning journeys and certifications tailored to each department. • Mentorship Network: Platform matching","{'producer': 'macOS Version 15.5 (Build 24F74) Quartz PDFContext', 'creator': 'Word', 'creationdate': ""D:20250716221643Z00'00'"", 'title': 'employee_handbook', 'author': 'Aqdas Tanweer', 'moddate': ""D:20250716221643Z00'00'"", 'source': 'c:\\Users\\veerg\\OneDrive\\QuadrantInternship_TeamOne\\backend\\employee_handbook.pdf', 'total_pages': 82, 'page': 46, 'page_label': '47'}"
195,"• Mentorship Network: Platform matching employees with mentors based on interests, identity, and growth goals. External Platforms (Licensed or Subsidized): • LinkedIn Learning • Coursera for Business • Pluralsight (for engineering & data teams) • edX (for academic partnerships) • Duolingo or Rosetta Stone (for language learners) • MasterClass (for creative development – case-by-case access) Platform access is linked to your employee profile and may be managed through single sign-on (SSO) for","{'producer': 'macOS Version 15.5 (Build 24F74) Quartz PDFContext', 'creator': 'Word', 'creationdate': ""D:20250716221643Z00'00'"", 'title': 'employee_handbook', 'author': 'Aqdas Tanweer', 'moddate': ""D:20250716221643Z00'00'"", 'source': 'c:\\Users\\veerg\\OneDrive\\QuadrantInternship_TeamOne\\backend\\employee_handbook.pdf', 'total_pages': 82, 'page': 46, 'page_label': '47'}"
196,"may be managed through single sign-on (SSO) for easy entry and tracking. 13.3 Mandatory Training All employees are required to complete core training modules, including: Training Area Frequency Workplace Conduct & Harassment Prevention Annually Data Privacy & Security Awareness Annually AI Ethics & Responsible Use Annually Diversity, Equity, and Inclusion (DEI) Every 18 months","{'producer': 'macOS Version 15.5 (Build 24F74) Quartz PDFContext', 'creator': 'Word', 'creationdate': ""D:20250716221643Z00'00'"", 'title': 'employee_handbook', 'author': 'Aqdas Tanweer', 'moddate': ""D:20250716221643Z00'00'"", 'source': 'c:\\Users\\veerg\\OneDrive\\QuadrantInternship_TeamOne\\backend\\employee_handbook.pdf', 'total_pages': 82, 'page': 46, 'page_label': '47'}"
197,"Training Area Frequency Role-specific Technical Onboarding Upon hire and when transitioning roles Completion of these is monitored by the People Team and may impact compliance status and access to tools/systems. 13.4 Personalized Learning Journeys Our internal LXP (Learning Experience Platform) uses AI (ethically aligned and human-audited) to: • Recommend learning paths based on your role, past training, and growth goals • Suggest relevant courses during reviews or promotions • Adapt difficulty","{'producer': 'macOS Version 15.5 (Build 24F74) Quartz PDFContext', 'creator': 'Word', 'creationdate': ""D:20250716221643Z00'00'"", 'title': 'employee_handbook', 'author': 'Aqdas Tanweer', 'moddate': ""D:20250716221643Z00'00'"", 'source': 'c:\\Users\\veerg\\OneDrive\\QuadrantInternship_TeamOne\\backend\\employee_handbook.pdf', 'total_pages': 82, 'page': 47, 'page_label': '48'}"
198,"during reviews or promotions • Adapt difficulty level based on interaction patterns • Track progress and surface skill gaps Employees can always override or request alternative options if the recommendations feel misaligned or irrelevant. 13.5 Certifications & Skill Badging We support and recognize skill acquisition in the form of: • Digital badges for internal course completions • Department-issued micro-credentials (e.g., “Certified Product Thinker”) • Externally recognized certificates","{'producer': 'macOS Version 15.5 (Build 24F74) Quartz PDFContext', 'creator': 'Word', 'creationdate': ""D:20250716221643Z00'00'"", 'title': 'employee_handbook', 'author': 'Aqdas Tanweer', 'moddate': ""D:20250716221643Z00'00'"", 'source': 'c:\\Users\\veerg\\OneDrive\\QuadrantInternship_TeamOne\\backend\\employee_handbook.pdf', 'total_pages': 82, 'page': 47, 'page_label': '48'}"
199,"Thinker”) • Externally recognized certificates (e.g., AWS, PMP, Six Sigma) These can be added to your internal profile and LinkedIn. Some roles may require certain certifications within the first 6–12 months of hire. 13.6 Tuition & Course Reimbursement To support deeper learning and formal education: Eligible Expenses: • Degree programs (undergraduate, graduate, MBA, etc.) • Professional certification programs • External workshops and online bootcamps • Continuing education at accredited","{'producer': 'macOS Version 15.5 (Build 24F74) Quartz PDFContext', 'creator': 'Word', 'creationdate': ""D:20250716221643Z00'00'"", 'title': 'employee_handbook', 'author': 'Aqdas Tanweer', 'moddate': ""D:20250716221643Z00'00'"", 'source': 'c:\\Users\\veerg\\OneDrive\\QuadrantInternship_TeamOne\\backend\\employee_handbook.pdf', 'total_pages': 82, 'page': 47, 'page_label': '48'}"
200,"bootcamps • Continuing education at accredited institutions Policy Highlights: • Annual limit: $3,000–$5,000 depending on level and tenure • Must be related to your current role or career path at the company","{'producer': 'macOS Version 15.5 (Build 24F74) Quartz PDFContext', 'creator': 'Word', 'creationdate': ""D:20250716221643Z00'00'"", 'title': 'employee_handbook', 'author': 'Aqdas Tanweer', 'moddate': ""D:20250716221643Z00'00'"", 'source': 'c:\\Users\\veerg\\OneDrive\\QuadrantInternship_TeamOne\\backend\\employee_handbook.pdf', 'total_pages': 82, 'page': 47, 'page_label': '48'}"
201,"• Requires manager and HR approval before enrollment • Reimbursement granted upon proof of completion (grade of C or higher or certificate of completion) To apply, submit the Education Reimbursement Form with documentation and pre-approval signatures. 13.7 Leadership Development Programs We offer tiered leadership training tracks: Program Audience Foundations of Leadership First-time managers Leading Hybrid Teams Team leads or cross-functional managers Executive Presence & Strategy Directors and","{'producer': 'macOS Version 15.5 (Build 24F74) Quartz PDFContext', 'creator': 'Word', 'creationdate': ""D:20250716221643Z00'00'"", 'title': 'employee_handbook', 'author': 'Aqdas Tanweer', 'moddate': ""D:20250716221643Z00'00'"", 'source': 'c:\\Users\\veerg\\OneDrive\\QuadrantInternship_TeamOne\\backend\\employee_handbook.pdf', 'total_pages': 82, 'page': 48, 'page_label': '49'}"
202,"Executive Presence & Strategy Directors and above ERG & Inclusion Leadership Labs ERG leads or equity-focused team leaders These programs are cohort-based, taught by internal leaders and external coaches, and emphasize inclusive leadership and empathy-based decision-making. 13.8 Peer-to-Peer Learning We believe that some of the best learning comes from within. Opportunities include: • Lunch & Learn events led by employees or guest speakers • Showcase Days where teams present recent projects and","{'producer': 'macOS Version 15.5 (Build 24F74) Quartz PDFContext', 'creator': 'Word', 'creationdate': ""D:20250716221643Z00'00'"", 'title': 'employee_handbook', 'author': 'Aqdas Tanweer', 'moddate': ""D:20250716221643Z00'00'"", 'source': 'c:\\Users\\veerg\\OneDrive\\QuadrantInternship_TeamOne\\backend\\employee_handbook.pdf', 'total_pages': 82, 'page': 48, 'page_label': '49'}"
203,"Days where teams present recent projects and tools • Skill Swap Sessions (e.g., “Intro to Figma from the Design Team”) • Mentorship Circles organized by role, level, or identity Employees can request to host a learning session through the L&D Portal or Slack channel #learn-together. 13.9 Feedback & Iteration Learning content is only as good as its impact. After every formal training or program, you will be asked to: • Complete a short feedback form or rating • Provide qualitative suggestions","{'producer': 'macOS Version 15.5 (Build 24F74) Quartz PDFContext', 'creator': 'Word', 'creationdate': ""D:20250716221643Z00'00'"", 'title': 'employee_handbook', 'author': 'Aqdas Tanweer', 'moddate': ""D:20250716221643Z00'00'"", 'source': 'c:\\Users\\veerg\\OneDrive\\QuadrantInternship_TeamOne\\backend\\employee_handbook.pdf', 'total_pages': 82, 'page': 48, 'page_label': '49'}"
204,form or rating • Provide qualitative suggestions for improvement • Optionally join a “Learning Champions” group to shape future content,"{'producer': 'macOS Version 15.5 (Build 24F74) Quartz PDFContext', 'creator': 'Word', 'creationdate': ""D:20250716221643Z00'00'"", 'title': 'employee_handbook', 'author': 'Aqdas Tanweer', 'moddate': ""D:20250716221643Z00'00'"", 'source': 'c:\\Users\\veerg\\OneDrive\\QuadrantInternship_TeamOne\\backend\\employee_handbook.pdf', 'total_pages': 82, 'page': 48, 'page_label': '49'}"
205,"We review training effectiveness biannually and use employee suggestions to evolve our offerings. 13.10 AI Alignment Note AI systems that support or deliver learning must: • Ensure fair and inclusive content recommendations • Avoid making biased assumptions based on gender, age, race, or prior education • Explain why a recommendation is made (“based on your current role + growth goals”) • Allow employees to opt out, provide feedback, or request manual alternatives • Be tested quarterly for","{'producer': 'macOS Version 15.5 (Build 24F74) Quartz PDFContext', 'creator': 'Word', 'creationdate': ""D:20250716221643Z00'00'"", 'title': 'employee_handbook', 'author': 'Aqdas Tanweer', 'moddate': ""D:20250716221643Z00'00'"", 'source': 'c:\\Users\\veerg\\OneDrive\\QuadrantInternship_TeamOne\\backend\\employee_handbook.pdf', 'total_pages': 82, 'page': 49, 'page_label': '50'}"
206,"manual alternatives • Be tested quarterly for representation, accessibility, and alignment with company values Human oversight is required for all learning content generated, recommended, or modified by AI. 13.11 Support & Questions If you need help choosing a course, getting approval, or unlocking a platform: • Contact learning@company.com • Submit a support ticket through the LXP • Reach out to your People Partner or Manager You can also book a 15-minute Learning Advisory session during","{'producer': 'macOS Version 15.5 (Build 24F74) Quartz PDFContext', 'creator': 'Word', 'creationdate': ""D:20250716221643Z00'00'"", 'title': 'employee_handbook', 'author': 'Aqdas Tanweer', 'moddate': ""D:20250716221643Z00'00'"", 'source': 'c:\\Users\\veerg\\OneDrive\\QuadrantInternship_TeamOne\\backend\\employee_handbook.pdf', 'total_pages': 82, 'page': 49, 'page_label': '50'}"
207,"book a 15-minute Learning Advisory session during office hours for personalized guidance.   Section 14: Workplace Conduct & Ethics At [Company Name], we are committed to maintaining a work environment rooted in professionalism, trust, and mutual respect. Every employee, contractor, intern, and leader is expected to uphold the highest standards of ethical conduct — not just because it’s required, but because it’s right. This section outlines our expectations around personal behavior, ethical","{'producer': 'macOS Version 15.5 (Build 24F74) Quartz PDFContext', 'creator': 'Word', 'creationdate': ""D:20250716221643Z00'00'"", 'title': 'employee_handbook', 'author': 'Aqdas Tanweer', 'moddate': ""D:20250716221643Z00'00'"", 'source': 'c:\\Users\\veerg\\OneDrive\\QuadrantInternship_TeamOne\\backend\\employee_handbook.pdf', 'total_pages': 82, 'page': 49, 'page_label': '50'}"
208,"expectations around personal behavior, ethical decision-making, professionalism, and how employees should interact with each other, our partners, clients, and AI systems. It includes guidance on conflict of interest, reporting violations, and fostering a culture of integrity.","{'producer': 'macOS Version 15.5 (Build 24F74) Quartz PDFContext', 'creator': 'Word', 'creationdate': ""D:20250716221643Z00'00'"", 'title': 'employee_handbook', 'author': 'Aqdas Tanweer', 'moddate': ""D:20250716221643Z00'00'"", 'source': 'c:\\Users\\veerg\\OneDrive\\QuadrantInternship_TeamOne\\backend\\employee_handbook.pdf', 'total_pages': 82, 'page': 49, 'page_label': '50'}"
209,"14.1 Code of Conduct Overview Our Code of Conduct defines how we behave — especially when no one is watching. All employees must: • Treat others with dignity, respect, and fairness • Represent the company with professionalism in all contexts (in person and online) • Comply with all internal policies, laws, and regulations • Protect company assets and intellectual property • Avoid conflicts of interest or unethical influence • Speak up if misconduct or harm is observed These principles apply","{'producer': 'macOS Version 15.5 (Build 24F74) Quartz PDFContext', 'creator': 'Word', 'creationdate': ""D:20250716221643Z00'00'"", 'title': 'employee_handbook', 'author': 'Aqdas Tanweer', 'moddate': ""D:20250716221643Z00'00'"", 'source': 'c:\\Users\\veerg\\OneDrive\\QuadrantInternship_TeamOne\\backend\\employee_handbook.pdf', 'total_pages': 82, 'page': 50, 'page_label': '51'}"
210,"or harm is observed These principles apply inside and outside of the workplace, during work hours and at company-sponsored events, both in physical and virtual spaces. 14.2 Professional Behavior Expectations We expect employees to: • Communicate clearly, calmly, and constructively • Meet deadlines and honor commitments • Take responsibility for mistakes and seek solutions • Refrain from gossip, harassment, or exclusionary behavior • Practice good meeting etiquette (e.g., punctuality, active","{'producer': 'macOS Version 15.5 (Build 24F74) Quartz PDFContext', 'creator': 'Word', 'creationdate': ""D:20250716221643Z00'00'"", 'title': 'employee_handbook', 'author': 'Aqdas Tanweer', 'moddate': ""D:20250716221643Z00'00'"", 'source': 'c:\\Users\\veerg\\OneDrive\\QuadrantInternship_TeamOne\\backend\\employee_handbook.pdf', 'total_pages': 82, 'page': 50, 'page_label': '51'}"
211,"good meeting etiquette (e.g., punctuality, active listening, keeping cameras on when required) • Give and receive feedback respectfully • Uphold the company’s reputation on social media and in public forums Punctuality, reliability, and collaboration are essential aspects of professional conduct. 14.3 Ethical Decision-Making When making decisions at work, employees are encouraged to ask: • Is it legal? • Is it aligned with our values? • Would I be comfortable if this was made public? • Does","{'producer': 'macOS Version 15.5 (Build 24F74) Quartz PDFContext', 'creator': 'Word', 'creationdate': ""D:20250716221643Z00'00'"", 'title': 'employee_handbook', 'author': 'Aqdas Tanweer', 'moddate': ""D:20250716221643Z00'00'"", 'source': 'c:\\Users\\veerg\\OneDrive\\QuadrantInternship_TeamOne\\backend\\employee_handbook.pdf', 'total_pages': 82, 'page': 50, 'page_label': '51'}"
212,"I be comfortable if this was made public? • Does this decision treat people fairly and without bias? • Am I acting transparently and with good intent? If the answer to any of these is “no” or “I’m not sure,” pause and consult your manager, HR, or Legal before proceeding.","{'producer': 'macOS Version 15.5 (Build 24F74) Quartz PDFContext', 'creator': 'Word', 'creationdate': ""D:20250716221643Z00'00'"", 'title': 'employee_handbook', 'author': 'Aqdas Tanweer', 'moddate': ""D:20250716221643Z00'00'"", 'source': 'c:\\Users\\veerg\\OneDrive\\QuadrantInternship_TeamOne\\backend\\employee_handbook.pdf', 'total_pages': 82, 'page': 50, 'page_label': '51'}"
213,"14.4 Conflict of Interest Employees must avoid situations where personal interests could interfere — or appear to interfere — with company duties or responsibilities. Examples of potential conflicts: • Working for a competitor while employed here • Accepting gifts, favors, or money from vendors or clients • Hiring or supervising a family member without disclosure • Using company resources for personal business ventures All potential conflicts must be disclosed in writing to HR or Legal. We will","{'producer': 'macOS Version 15.5 (Build 24F74) Quartz PDFContext', 'creator': 'Word', 'creationdate': ""D:20250716221643Z00'00'"", 'title': 'employee_handbook', 'author': 'Aqdas Tanweer', 'moddate': ""D:20250716221643Z00'00'"", 'source': 'c:\\Users\\veerg\\OneDrive\\QuadrantInternship_TeamOne\\backend\\employee_handbook.pdf', 'total_pages': 82, 'page': 51, 'page_label': '52'}"
214,"be disclosed in writing to HR or Legal. We will work with you to assess the situation and determine an ethical course of action. 14.5 Harassment & Discrimination We maintain a zero-tolerance policy for any form of harassment or discrimination. Prohibited conduct includes (but is not limited to): • Sexual harassment (verbal, physical, visual) • Racist, sexist, ableist, ageist, or otherwise discriminatory remarks • Retaliation against someone who reports misconduct • Bullying or intimidation in","{'producer': 'macOS Version 15.5 (Build 24F74) Quartz PDFContext', 'creator': 'Word', 'creationdate': ""D:20250716221643Z00'00'"", 'title': 'employee_handbook', 'author': 'Aqdas Tanweer', 'moddate': ""D:20250716221643Z00'00'"", 'source': 'c:\\Users\\veerg\\OneDrive\\QuadrantInternship_TeamOne\\backend\\employee_handbook.pdf', 'total_pages': 82, 'page': 51, 'page_label': '52'}"
215,"reports misconduct • Bullying or intimidation in person or online • Offensive jokes, slurs, memes, or materials Employees are expected to: • Speak up or report if they witness harmful behavior • Respect personal and cultural boundaries • Use inclusive language and avoid stereotypes • Complete all mandatory DEI and anti-harassment training Violations will result in investigation and disciplinary action, up to and including termination. 14.6 Digital Conduct & Online Etiquette Online behavior must","{'producer': 'macOS Version 15.5 (Build 24F74) Quartz PDFContext', 'creator': 'Word', 'creationdate': ""D:20250716221643Z00'00'"", 'title': 'employee_handbook', 'author': 'Aqdas Tanweer', 'moddate': ""D:20250716221643Z00'00'"", 'source': 'c:\\Users\\veerg\\OneDrive\\QuadrantInternship_TeamOne\\backend\\employee_handbook.pdf', 'total_pages': 82, 'page': 51, 'page_label': '52'}"
216,"Conduct & Online Etiquette Online behavior must align with our offline expectations. Employees must not: • Share confidential or sensitive data via unauthorized platforms • Post negative or inflammatory content about coworkers or clients • Record conversations or meetings without consent • Use personal social media to spread disinformation tied to the company • Spam or flood internal communication tools (e.g., Slack, Teams)","{'producer': 'macOS Version 15.5 (Build 24F74) Quartz PDFContext', 'creator': 'Word', 'creationdate': ""D:20250716221643Z00'00'"", 'title': 'employee_handbook', 'author': 'Aqdas Tanweer', 'moddate': ""D:20250716221643Z00'00'"", 'source': 'c:\\Users\\veerg\\OneDrive\\QuadrantInternship_TeamOne\\backend\\employee_handbook.pdf', 'total_pages': 82, 'page': 51, 'page_label': '52'}"
217,"We encourage employees to be good digital citizens — courteous, professional, and respectful. 14.7 Ethics in AI Usage When using AI tools within the company: • Do not input sensitive or confidential information into public AI systems (unless approved) • Always review AI-generated content before using or sharing it • Never use AI to impersonate, manipulate, or mislead others • Report any unethical use of AI immediately • Recognize the limitations and potential biases of AI output Employees are","{'producer': 'macOS Version 15.5 (Build 24F74) Quartz PDFContext', 'creator': 'Word', 'creationdate': ""D:20250716221643Z00'00'"", 'title': 'employee_handbook', 'author': 'Aqdas Tanweer', 'moddate': ""D:20250716221643Z00'00'"", 'source': 'c:\\Users\\veerg\\OneDrive\\QuadrantInternship_TeamOne\\backend\\employee_handbook.pdf', 'total_pages': 82, 'page': 52, 'page_label': '53'}"
218,"and potential biases of AI output Employees are responsible for how they use AI — regardless of the tool’s source or intent. 14.8 Reporting Misconduct If you witness or experience a violation of conduct or ethics: • Report it directly to HR, Legal, or your manager • Use the anonymous Ethics Reporting Hotline (link available on the intranet) • Submit concerns through the Workplace Integrity Form We take every report seriously and are committed to: • Investigating impartially and promptly •","{'producer': 'macOS Version 15.5 (Build 24F74) Quartz PDFContext', 'creator': 'Word', 'creationdate': ""D:20250716221643Z00'00'"", 'title': 'employee_handbook', 'author': 'Aqdas Tanweer', 'moddate': ""D:20250716221643Z00'00'"", 'source': 'c:\\Users\\veerg\\OneDrive\\QuadrantInternship_TeamOne\\backend\\employee_handbook.pdf', 'total_pages': 82, 'page': 52, 'page_label': '53'}"
219,"to: • Investigating impartially and promptly • Maintaining confidentiality to the extent possible • Protecting whistleblowers from retaliation No one will be penalized for speaking up in good faith. 14.9 Accountability & Consequences Violations of workplace conduct policies may result in: • Verbal or written warnings • Mandatory training or counseling • Suspension of responsibilities or access • Termination of employment • Legal consequences, if applicable Consequences depend on the severity of","{'producer': 'macOS Version 15.5 (Build 24F74) Quartz PDFContext', 'creator': 'Word', 'creationdate': ""D:20250716221643Z00'00'"", 'title': 'employee_handbook', 'author': 'Aqdas Tanweer', 'moddate': ""D:20250716221643Z00'00'"", 'source': 'c:\\Users\\veerg\\OneDrive\\QuadrantInternship_TeamOne\\backend\\employee_handbook.pdf', 'total_pages': 82, 'page': 52, 'page_label': '53'}"
220,applicable Consequences depend on the severity of the offense and the employee’s response. 14.10 Training Requirements All employees must complete:,"{'producer': 'macOS Version 15.5 (Build 24F74) Quartz PDFContext', 'creator': 'Word', 'creationdate': ""D:20250716221643Z00'00'"", 'title': 'employee_handbook', 'author': 'Aqdas Tanweer', 'moddate': ""D:20250716221643Z00'00'"", 'source': 'c:\\Users\\veerg\\OneDrive\\QuadrantInternship_TeamOne\\backend\\employee_handbook.pdf', 'total_pages': 82, 'page': 52, 'page_label': '53'}"
221,"• Ethics & Compliance Training (annually) • Conflict of Interest Disclosure (upon hire and annually) • AI Use & Responsibility Training (for AI-enabled roles) • DEI & Inclusive Communication Course (every 18 months) Completion is tracked and enforced through our Learning Hub. 14.11 Continuous Improvement & Feedback Workplace conduct standards are not static. We regularly: • Review policy effectiveness based on feedback, audits, and case trends • Host employee-led listening sessions to inform","{'producer': 'macOS Version 15.5 (Build 24F74) Quartz PDFContext', 'creator': 'Word', 'creationdate': ""D:20250716221643Z00'00'"", 'title': 'employee_handbook', 'author': 'Aqdas Tanweer', 'moddate': ""D:20250716221643Z00'00'"", 'source': 'c:\\Users\\veerg\\OneDrive\\QuadrantInternship_TeamOne\\backend\\employee_handbook.pdf', 'total_pages': 82, 'page': 53, 'page_label': '54'}"
222,"• Host employee-led listening sessions to inform policy updates • Invite anonymous suggestions through the Code of Conduct Feedback Form • Partner with ERGs (Employee Resource Groups) to expand cultural competency We welcome your ideas on how to make our culture safer, stronger, and more inclusive. AI Alignment Note All AI systems used for compliance monitoring, training, or reporting must: • Be clearly labeled and transparent in their actions • Avoid triggering bias based on gender, language,","{'producer': 'macOS Version 15.5 (Build 24F74) Quartz PDFContext', 'creator': 'Word', 'creationdate': ""D:20250716221643Z00'00'"", 'title': 'employee_handbook', 'author': 'Aqdas Tanweer', 'moddate': ""D:20250716221643Z00'00'"", 'source': 'c:\\Users\\veerg\\OneDrive\\QuadrantInternship_TeamOne\\backend\\employee_handbook.pdf', 'total_pages': 82, 'page': 53, 'page_label': '54'}"
223,"Avoid triggering bias based on gender, language, or cultural expressions • Defer to human oversight in interpretation or enforcement of ethics violations • Respect employee privacy and legal boundaries • Support — not replace — ethical decision-making and accountability We audit our AI compliance tools quarterly for fairness and accuracy.   Section 15: Leave & Time Off Policies At [Company Name], we recognize the importance of rest, recovery, and personal time in maintaining a healthy,","{'producer': 'macOS Version 15.5 (Build 24F74) Quartz PDFContext', 'creator': 'Word', 'creationdate': ""D:20250716221643Z00'00'"", 'title': 'employee_handbook', 'author': 'Aqdas Tanweer', 'moddate': ""D:20250716221643Z00'00'"", 'source': 'c:\\Users\\veerg\\OneDrive\\QuadrantInternship_TeamOne\\backend\\employee_handbook.pdf', 'total_pages': 82, 'page': 53, 'page_label': '54'}"
224,"and personal time in maintaining a healthy, productive, and engaged workforce. This section outlines the various types of leave available to employees, how to request time off, what to expect during leave, and the role of managers, HR, and systems (including AI) in administering fair and compliant time-off policies. These policies apply to all eligible employees and are aligned with relevant local, state, and federal regulations.","{'producer': 'macOS Version 15.5 (Build 24F74) Quartz PDFContext', 'creator': 'Word', 'creationdate': ""D:20250716221643Z00'00'"", 'title': 'employee_handbook', 'author': 'Aqdas Tanweer', 'moddate': ""D:20250716221643Z00'00'"", 'source': 'c:\\Users\\veerg\\OneDrive\\QuadrantInternship_TeamOne\\backend\\employee_handbook.pdf', 'total_pages': 82, 'page': 53, 'page_label': '54'}"
225,"15.1 Time Off Philosophy We believe that time away from work is essential for: • Physical and mental well-being • Fulfilling personal and family obligations • Preventing burnout and fostering long-term performance • Creating a culture of trust, empathy, and sustainability All employees are encouraged to use their leave entitlements fully and without guilt. Managers are trained to support team coverage while respecting boundaries. 15.2 Overview of Leave Types Leave Type Description Paid Time Off","{'producer': 'macOS Version 15.5 (Build 24F74) Quartz PDFContext', 'creator': 'Word', 'creationdate': ""D:20250716221643Z00'00'"", 'title': 'employee_handbook', 'author': 'Aqdas Tanweer', 'moddate': ""D:20250716221643Z00'00'"", 'source': 'c:\\Users\\veerg\\OneDrive\\QuadrantInternship_TeamOne\\backend\\employee_handbook.pdf', 'total_pages': 82, 'page': 54, 'page_label': '55'}"
226,"Leave Types Leave Type Description Paid Time Off (PTO) General-purpose leave for vacation, rest, or personal time Sick Leave Time off for illness, injury, or medical appointments Public Holidays Company-observed holidays (based on region) Parental Leave Leave for new parents, including maternity, paternity, and adoption Medical or Disability Leave Extended time off for serious health conditions","{'producer': 'macOS Version 15.5 (Build 24F74) Quartz PDFContext', 'creator': 'Word', 'creationdate': ""D:20250716221643Z00'00'"", 'title': 'employee_handbook', 'author': 'Aqdas Tanweer', 'moddate': ""D:20250716221643Z00'00'"", 'source': 'c:\\Users\\veerg\\OneDrive\\QuadrantInternship_TeamOne\\backend\\employee_handbook.pdf', 'total_pages': 82, 'page': 54, 'page_label': '55'}"
227,"Bereavement Leave Time off to grieve and manage affairs after a death in the family Jury Duty Leave for legal civic responsibilities Voting Leave Time off to vote in national, local, or company elections 
Unpaid Leave of Absence By request, for personal or professional reasons outside of policy coverage  15.3 Paid Time Off (PTO) Accrual: • PTO is accrued biweekly or monthly depending on payroll cycle. • Standard accrual: 15–20 days/year, based on tenure and role level.","{'producer': 'macOS Version 15.5 (Build 24F74) Quartz PDFContext', 'creator': 'Word', 'creationdate': ""D:20250716221643Z00'00'"", 'title': 'employee_handbook', 'author': 'Aqdas Tanweer', 'moddate': ""D:20250716221643Z00'00'"", 'source': 'c:\\Users\\veerg\\OneDrive\\QuadrantInternship_TeamOne\\backend\\employee_handbook.pdf', 'total_pages': 82, 'page': 54, 'page_label': '55'}"
228,"• PTO rolls over up to a maximum cap (e.g., 160 hours); excess may be forfeited or paid out annually, per policy. Usage: • Must be requested and approved at least 2 weeks in advance, except in emergencies. • PTO can be used in full days or half-day increments. • PTO requests are submitted through the Time Off Portal or HRIS platform. Payout: • Accrued PTO may be paid out upon termination, depending on local law. 15.4 Sick Leave • All full-time employees accrue 1 hour of sick leave per 30 hours","{'producer': 'macOS Version 15.5 (Build 24F74) Quartz PDFContext', 'creator': 'Word', 'creationdate': ""D:20250716221643Z00'00'"", 'title': 'employee_handbook', 'author': 'Aqdas Tanweer', 'moddate': ""D:20250716221643Z00'00'"", 'source': 'c:\\Users\\veerg\\OneDrive\\QuadrantInternship_TeamOne\\backend\\employee_handbook.pdf', 'total_pages': 82, 'page': 55, 'page_label': '56'}"
229,"accrue 1 hour of sick leave per 30 hours worked, or as mandated by local law. • Sick leave can be used for: o Physical or mental illness o Preventive care (e.g., annual physicals, vaccines) o Caring for an ill family member • No doctor’s note required for absences of 2 days or less; longer leaves require verification. • Employees should inform managers as soon as possible if calling in sick. Sick leave is protected and cannot be held against you in performance reviews or attendance records.","{'producer': 'macOS Version 15.5 (Build 24F74) Quartz PDFContext', 'creator': 'Word', 'creationdate': ""D:20250716221643Z00'00'"", 'title': 'employee_handbook', 'author': 'Aqdas Tanweer', 'moddate': ""D:20250716221643Z00'00'"", 'source': 'c:\\Users\\veerg\\OneDrive\\QuadrantInternship_TeamOne\\backend\\employee_handbook.pdf', 'total_pages': 82, 'page': 55, 'page_label': '56'}"
230,"you in performance reviews or attendance records. 15.5 Company Holidays We observe a minimum of 10 paid holidays annually, including: • New Year’s Day • Martin Luther King Jr. Day • Memorial Day • Independence Day • Labor Day • Thanksgiving Day & the Friday after • Christmas Day • Two floating holidays (for cultural or personal observance) A complete calendar is published at the start of each fiscal year. 15.6 Parental Leave We proudly support all forms of parenthood with inclusive policies:","{'producer': 'macOS Version 15.5 (Build 24F74) Quartz PDFContext', 'creator': 'Word', 'creationdate': ""D:20250716221643Z00'00'"", 'title': 'employee_handbook', 'author': 'Aqdas Tanweer', 'moddate': ""D:20250716221643Z00'00'"", 'source': 'c:\\Users\\veerg\\OneDrive\\QuadrantInternship_TeamOne\\backend\\employee_handbook.pdf', 'total_pages': 82, 'page': 55, 'page_label': '56'}"
231,"Eligibility: • Available to employees after 6 months of service. • Applies to birth, adoption, surrogacy, or foster placement. Leave Allotment: • Primary caregivers: Up to 16 weeks paid leave • Secondary caregivers: Up to 6 weeks paid leave • Leave can be taken continuously or in segments over 12 months Additional Support: • Return-to-work flexibility (e.g., phased return or hybrid work) • Lactation support (e.g., nursing rooms, fridge access) • Family planning resources and counseling services","{'producer': 'macOS Version 15.5 (Build 24F74) Quartz PDFContext', 'creator': 'Word', 'creationdate': ""D:20250716221643Z00'00'"", 'title': 'employee_handbook', 'author': 'Aqdas Tanweer', 'moddate': ""D:20250716221643Z00'00'"", 'source': 'c:\\Users\\veerg\\OneDrive\\QuadrantInternship_TeamOne\\backend\\employee_handbook.pdf', 'total_pages': 82, 'page': 56, 'page_label': '57'}"
232,"Family planning resources and counseling services Parental leave does not affect bonus eligibility or performance cycles. 15.7 Medical & Disability Leave For extended absences due to health issues, employees may qualify for: • Short-term disability (STD): 60–80% pay for up to 12 weeks (based on plan) • Long-term disability (LTD): Available after STD, pending medical certification • Family and Medical Leave Act (FMLA): Up to 12 weeks of job-protected leave HR will coordinate with your healthcare","{'producer': 'macOS Version 15.5 (Build 24F74) Quartz PDFContext', 'creator': 'Word', 'creationdate': ""D:20250716221643Z00'00'"", 'title': 'employee_handbook', 'author': 'Aqdas Tanweer', 'moddate': ""D:20250716221643Z00'00'"", 'source': 'c:\\Users\\veerg\\OneDrive\\QuadrantInternship_TeamOne\\backend\\employee_handbook.pdf', 'total_pages': 82, 'page': 56, 'page_label': '57'}"
233,"leave HR will coordinate with your healthcare provider and ensure documentation remains confidential. 15.8 Bereavement Leave We provide paid leave for the loss of a loved one: • Up to 5 paid days for immediate family (spouse, parent, sibling, child) • Up to 2 paid days for extended family or chosen family • Additional unpaid days may be approved upon request • International travel considerations will be accommodated as needed We encourage employees to also seek mental health support through our","{'producer': 'macOS Version 15.5 (Build 24F74) Quartz PDFContext', 'creator': 'Word', 'creationdate': ""D:20250716221643Z00'00'"", 'title': 'employee_handbook', 'author': 'Aqdas Tanweer', 'moddate': ""D:20250716221643Z00'00'"", 'source': 'c:\\Users\\veerg\\OneDrive\\QuadrantInternship_TeamOne\\backend\\employee_handbook.pdf', 'total_pages': 82, 'page': 56, 'page_label': '57'}"
234,"to also seek mental health support through our EAP program.  15.9 Jury Duty & Civic Leave • Employees called for jury duty, witness testimony, or subpoenas will receive paid time off. • Notify your manager and submit court documentation as soon as possible.","{'producer': 'macOS Version 15.5 (Build 24F74) Quartz PDFContext', 'creator': 'Word', 'creationdate': ""D:20250716221643Z00'00'"", 'title': 'employee_handbook', 'author': 'Aqdas Tanweer', 'moddate': ""D:20250716221643Z00'00'"", 'source': 'c:\\Users\\veerg\\OneDrive\\QuadrantInternship_TeamOne\\backend\\employee_handbook.pdf', 'total_pages': 82, 'page': 56, 'page_label': '57'}"
235,"• Your role will be held and protected during your civic obligation. 15.10 Voting Leave We support every employee’s right to vote. • Up to 2 hours of paid leave for voting during official elections • Applies when voting hours conflict with your scheduled work shift • Coordinate time with your manager in advance if possible We also support participation in community organizing, poll volunteering, or voter education as part of our civic engagement program. 15.11 Unpaid Leave of Absence You may","{'producer': 'macOS Version 15.5 (Build 24F74) Quartz PDFContext', 'creator': 'Word', 'creationdate': ""D:20250716221643Z00'00'"", 'title': 'employee_handbook', 'author': 'Aqdas Tanweer', 'moddate': ""D:20250716221643Z00'00'"", 'source': 'c:\\Users\\veerg\\OneDrive\\QuadrantInternship_TeamOne\\backend\\employee_handbook.pdf', 'total_pages': 82, 'page': 57, 'page_label': '58'}"
236,program. 15.11 Unpaid Leave of Absence You may request extended unpaid leave for: • Personal travel • Academic study • Volunteer work • Extended family responsibilities Each request is reviewed on a case-by-case basis. Unpaid leave may affect: • Benefit coverage (after 30 days) • Time-off accrual • Bonus eligibility Submit your Unpaid Leave Request Form to HR with at least 30 days’ notice when possible. 15.12 Leave Request Process To request leave: 1. Log into the HRIS platform or Time Off,"{'producer': 'macOS Version 15.5 (Build 24F74) Quartz PDFContext', 'creator': 'Word', 'creationdate': ""D:20250716221643Z00'00'"", 'title': 'employee_handbook', 'author': 'Aqdas Tanweer', 'moddate': ""D:20250716221643Z00'00'"", 'source': 'c:\\Users\\veerg\\OneDrive\\QuadrantInternship_TeamOne\\backend\\employee_handbook.pdf', 'total_pages': 82, 'page': 57, 'page_label': '58'}"
237,"leave: 1. Log into the HRIS platform or Time Off Portal 2. Select the type of leave and desired dates 3. Include any necessary documentation (e.g., doctor’s note, jury summons) 4. Wait for manager approval (typically within 3 business days) For emergencies, inform your manager and submit documentation after the fact. 15.13 Leave Confidentiality & Protection • All medical, parental, or sensitive leave details are kept confidential. • Your manager will only be informed of: o Duration of leave","{'producer': 'macOS Version 15.5 (Build 24F74) Quartz PDFContext', 'creator': 'Word', 'creationdate': ""D:20250716221643Z00'00'"", 'title': 'employee_handbook', 'author': 'Aqdas Tanweer', 'moddate': ""D:20250716221643Z00'00'"", 'source': 'c:\\Users\\veerg\\OneDrive\\QuadrantInternship_TeamOne\\backend\\employee_handbook.pdf', 'total_pages': 82, 'page': 57, 'page_label': '58'}"
238,"o General return timeline o Work coverage needs • HR is responsible for secure documentation and legal compliance. You are protected from retaliation or job loss for taking protected leave. 15.14 AI Alignment Note AI systems used to manage leave (e.g., automated tracking, recommendation, or approval tools) must: • Not make final decisions about medical or protected leave eligibility • Be transparent in how leave balances and entitlements are calculated • Never share private health or leave data","{'producer': 'macOS Version 15.5 (Build 24F74) Quartz PDFContext', 'creator': 'Word', 'creationdate': ""D:20250716221643Z00'00'"", 'title': 'employee_handbook', 'author': 'Aqdas Tanweer', 'moddate': ""D:20250716221643Z00'00'"", 'source': 'c:\\Users\\veerg\\OneDrive\\QuadrantInternship_TeamOne\\backend\\employee_handbook.pdf', 'total_pages': 82, 'page': 58, 'page_label': '59'}"
239,"• Never share private health or leave data beyond authorized staff • Be regularly tested for fairness and compliance (especially around parental or medical leave) • Offer override and correction options for employees and HR Human review and compassion are required for all exceptions, disputes, or sensitive situations. 15.15 Questions & Support If you have any questions about your leave entitlements or need help planning your time off: • Contact leave@company.com • Speak with your HR Business","{'producer': 'macOS Version 15.5 (Build 24F74) Quartz PDFContext', 'creator': 'Word', 'creationdate': ""D:20250716221643Z00'00'"", 'title': 'employee_handbook', 'author': 'Aqdas Tanweer', 'moddate': ""D:20250716221643Z00'00'"", 'source': 'c:\\Users\\veerg\\OneDrive\\QuadrantInternship_TeamOne\\backend\\employee_handbook.pdf', 'total_pages': 82, 'page': 58, 'page_label': '59'}"
240,"leave@company.com • Speak with your HR Business Partner • Use the Employee Assistance Program (EAP) for emotional support You deserve rest, recovery, and time with your loved ones — and we’re here to support you every step of the way.   Section 16: Remote Work & Hybrid Guidelines At [Company Name], we recognize that flexibility in where and how we work improves well-being, supports diverse lifestyles, and unlocks greater focus and productivity. Whether employees are fully remote, hybrid, or","{'producer': 'macOS Version 15.5 (Build 24F74) Quartz PDFContext', 'creator': 'Word', 'creationdate': ""D:20250716221643Z00'00'"", 'title': 'employee_handbook', 'author': 'Aqdas Tanweer', 'moddate': ""D:20250716221643Z00'00'"", 'source': 'c:\\Users\\veerg\\OneDrive\\QuadrantInternship_TeamOne\\backend\\employee_handbook.pdf', 'total_pages': 82, 'page': 58, 'page_label': '59'}"
241,"Whether employees are fully remote, hybrid, or on-site, our goal is to provide equitable access to tools, clear expectations, and consistent support. This section outlines eligibility, expectations, communication protocols, workspace setup, security guidelines, and how we responsibly use AI tools to support distributed work environments.","{'producer': 'macOS Version 15.5 (Build 24F74) Quartz PDFContext', 'creator': 'Word', 'creationdate': ""D:20250716221643Z00'00'"", 'title': 'employee_handbook', 'author': 'Aqdas Tanweer', 'moddate': ""D:20250716221643Z00'00'"", 'source': 'c:\\Users\\veerg\\OneDrive\\QuadrantInternship_TeamOne\\backend\\employee_handbook.pdf', 'total_pages': 82, 'page': 58, 'page_label': '59'}"
242,"16.1 Philosophy of Flexible Work We believe great work can happen from anywhere. Our approach to remote and hybrid work is guided by the following principles: • Trust: We trust employees to manage their time, tasks, and outcomes responsibly. • Equity: Flexibility should not compromise access to opportunities, support, or advancement. • Clarity: Remote and hybrid expectations must be clearly defined to prevent misalignment. • Inclusion: All team members should feel equally valued and connected","{'producer': 'macOS Version 15.5 (Build 24F74) Quartz PDFContext', 'creator': 'Word', 'creationdate': ""D:20250716221643Z00'00'"", 'title': 'employee_handbook', 'author': 'Aqdas Tanweer', 'moddate': ""D:20250716221643Z00'00'"", 'source': 'c:\\Users\\veerg\\OneDrive\\QuadrantInternship_TeamOne\\backend\\employee_handbook.pdf', 'total_pages': 82, 'page': 59, 'page_label': '60'}"
243,"members should feel equally valued and connected regardless of location. • Accountability: Performance is based on outcomes, not presence or visibility. 16.2 Work Arrangement Categories Category Description Remote Works primarily off-site (home or co-working space) Hybrid Combines remote and in-office work (e.g., 2–3 days/week on-site) On-Site Required to work full-time from a company location due to role needs Employees will confirm their arrangement with their manager and HR during onboarding","{'producer': 'macOS Version 15.5 (Build 24F74) Quartz PDFContext', 'creator': 'Word', 'creationdate': ""D:20250716221643Z00'00'"", 'title': 'employee_handbook', 'author': 'Aqdas Tanweer', 'moddate': ""D:20250716221643Z00'00'"", 'source': 'c:\\Users\\veerg\\OneDrive\\QuadrantInternship_TeamOne\\backend\\employee_handbook.pdf', 'total_pages': 82, 'page': 59, 'page_label': '60'}"
244,with their manager and HR during onboarding or role transitions. 16.3 Eligibility for Remote Work Remote and hybrid work eligibility is based on: • Job responsibilities and security requirements • Collaboration needs with team/clients • Past performance and communication style • Geographic location and time zone compatibility Not all roles may be eligible for remote work. HR and department leaders will make final determinations. 16.4 Core Hours & Availability To ensure collaboration across time,"{'producer': 'macOS Version 15.5 (Build 24F74) Quartz PDFContext', 'creator': 'Word', 'creationdate': ""D:20250716221643Z00'00'"", 'title': 'employee_handbook', 'author': 'Aqdas Tanweer', 'moddate': ""D:20250716221643Z00'00'"", 'source': 'c:\\Users\\veerg\\OneDrive\\QuadrantInternship_TeamOne\\backend\\employee_handbook.pdf', 'total_pages': 82, 'page': 59, 'page_label': '60'}"
245,"Availability To ensure collaboration across time zones, we define Core Collaboration Hours (e.g., 10:00 AM – 3:00 PM PST) during which all employees must be reachable. Outside of core hours, employees may: • Flex their schedules to suit productivity rhythms","{'producer': 'macOS Version 15.5 (Build 24F74) Quartz PDFContext', 'creator': 'Word', 'creationdate': ""D:20250716221643Z00'00'"", 'title': 'employee_handbook', 'author': 'Aqdas Tanweer', 'moddate': ""D:20250716221643Z00'00'"", 'source': 'c:\\Users\\veerg\\OneDrive\\QuadrantInternship_TeamOne\\backend\\employee_handbook.pdf', 'total_pages': 82, 'page': 59, 'page_label': '60'}"
246,"• Observe local breaks or religious schedules • Log non-traditional hours (with manager alignment) Use calendar blocks and status indicators (e.g., “Do Not Disturb,” “Available,” “Lunch”) to communicate availability. 16.5 Home Office Setup & Stipend  To ensure a safe and productive workspace: Required Environment: • Reliable internet connection (minimum 50 Mbps) • Ergonomic chair and desk setup • Distraction-minimized background for meetings • Functional webcam and microphone • Appropriate","{'producer': 'macOS Version 15.5 (Build 24F74) Quartz PDFContext', 'creator': 'Word', 'creationdate': ""D:20250716221643Z00'00'"", 'title': 'employee_handbook', 'author': 'Aqdas Tanweer', 'moddate': ""D:20250716221643Z00'00'"", 'source': 'c:\\Users\\veerg\\OneDrive\\QuadrantInternship_TeamOne\\backend\\employee_handbook.pdf', 'total_pages': 82, 'page': 60, 'page_label': '61'}"
247,"• Functional webcam and microphone • Appropriate lighting Provided by Company: • Laptop and necessary peripherals (keyboard, mouse, headset) • One-time or annual home office stipend (e.g., $300–$500) for furniture or ergonomic tools • IT support for remote troubleshooting and equipment shipping Employees must not work in public or unsecured locations unless approved. 16.6 Data Security & Compliance All remote and hybrid employees must: • Use company-issued or secured devices only • Connect","{'producer': 'macOS Version 15.5 (Build 24F74) Quartz PDFContext', 'creator': 'Word', 'creationdate': ""D:20250716221643Z00'00'"", 'title': 'employee_handbook', 'author': 'Aqdas Tanweer', 'moddate': ""D:20250716221643Z00'00'"", 'source': 'c:\\Users\\veerg\\OneDrive\\QuadrantInternship_TeamOne\\backend\\employee_handbook.pdf', 'total_pages': 82, 'page': 60, 'page_label': '61'}"
248,company-issued or secured devices only • Connect through VPN or secure access protocols • Store all company data in approved cloud systems (not local drives) • Lock screens when away from devices • Follow multi-factor authentication (MFA) procedures Violation of security protocols may result in restricted access or disciplinary action. 16.7 Communication Expectations Clear and responsive communication is critical in distributed teams.,"{'producer': 'macOS Version 15.5 (Build 24F74) Quartz PDFContext', 'creator': 'Word', 'creationdate': ""D:20250716221643Z00'00'"", 'title': 'employee_handbook', 'author': 'Aqdas Tanweer', 'moddate': ""D:20250716221643Z00'00'"", 'source': 'c:\\Users\\veerg\\OneDrive\\QuadrantInternship_TeamOne\\backend\\employee_handbook.pdf', 'total_pages': 82, 'page': 60, 'page_label': '61'}"
249,"Required Practices: • Daily or weekly team check-ins • Prompt email/Slack responses during core hours (within 2 hours recommended) • Agenda-driven meetings and follow-ups • Documentation of key decisions in shared spaces (e.g., Notion, Confluence) Optional Tools: • Async video updates (e.g., Loom) • Virtual whiteboards for brainstorms (e.g., Miro) • Time zone overlap tools for scheduling (e.g., WorldTimeBuddy) Camera use is encouraged during collaborative meetings but not mandatory for all","{'producer': 'macOS Version 15.5 (Build 24F74) Quartz PDFContext', 'creator': 'Word', 'creationdate': ""D:20250716221643Z00'00'"", 'title': 'employee_handbook', 'author': 'Aqdas Tanweer', 'moddate': ""D:20250716221643Z00'00'"", 'source': 'c:\\Users\\veerg\\OneDrive\\QuadrantInternship_TeamOne\\backend\\employee_handbook.pdf', 'total_pages': 82, 'page': 61, 'page_label': '62'}"
250,"collaborative meetings but not mandatory for all sessions. 16.8 Team Collaboration Guidelines To stay connected as a hybrid or remote team: • Teams should meet in person at least quarterly (where feasible) • Regular virtual team-building events (e.g., trivia, coffee chats) • Use Slack/Teams channels for watercooler-style engagement • Shared digital whiteboards or project dashboards for transparency Managers should ensure remote workers are not excluded from project visibility, decisions, or","{'producer': 'macOS Version 15.5 (Build 24F74) Quartz PDFContext', 'creator': 'Word', 'creationdate': ""D:20250716221643Z00'00'"", 'title': 'employee_handbook', 'author': 'Aqdas Tanweer', 'moddate': ""D:20250716221643Z00'00'"", 'source': 'c:\\Users\\veerg\\OneDrive\\QuadrantInternship_TeamOne\\backend\\employee_handbook.pdf', 'total_pages': 82, 'page': 61, 'page_label': '62'}"
251,"excluded from project visibility, decisions, or social moments. 16.9 Performance & Visibility Performance is measured by outcomes — not hours worked or screen time. Managers are trained to: • Set clear expectations and OKRs (Objectives and Key Results) • Focus on deliverables and deadlines • Avoid proximity bias in promotions or recognition • Offer equal access to coaching and feedback Remote employees should keep work logs, status updates, or end-of-week summaries if needed for visibility.","{'producer': 'macOS Version 15.5 (Build 24F74) Quartz PDFContext', 'creator': 'Word', 'creationdate': ""D:20250716221643Z00'00'"", 'title': 'employee_handbook', 'author': 'Aqdas Tanweer', 'moddate': ""D:20250716221643Z00'00'"", 'source': 'c:\\Users\\veerg\\OneDrive\\QuadrantInternship_TeamOne\\backend\\employee_handbook.pdf', 'total_pages': 82, 'page': 61, 'page_label': '62'}"
252,end-of-week summaries if needed for visibility. 16.10 AI Tools for Remote Support Approved AI tools may support remote work by: • Auto-generating meeting notes or action items,"{'producer': 'macOS Version 15.5 (Build 24F74) Quartz PDFContext', 'creator': 'Word', 'creationdate': ""D:20250716221643Z00'00'"", 'title': 'employee_handbook', 'author': 'Aqdas Tanweer', 'moddate': ""D:20250716221643Z00'00'"", 'source': 'c:\\Users\\veerg\\OneDrive\\QuadrantInternship_TeamOne\\backend\\employee_handbook.pdf', 'total_pages': 82, 'page': 61, 'page_label': '62'}"
253,"• Recommending focus time slots or task batching • Suggesting wellness breaks based on screen activity (opt-in only) • Summarizing unread messages or documents • Translating cross-language team chats AI will not monitor webcams, keystrokes, or screen activity unless explicitly approved for specific roles (e.g., security auditing). All AI usage must comply with our AI Ethics Policy. 16.11 Remote Work Agreements Employees in long-term or permanent remote roles must sign a Remote Work Agreement","{'producer': 'macOS Version 15.5 (Build 24F74) Quartz PDFContext', 'creator': 'Word', 'creationdate': ""D:20250716221643Z00'00'"", 'title': 'employee_handbook', 'author': 'Aqdas Tanweer', 'moddate': ""D:20250716221643Z00'00'"", 'source': 'c:\\Users\\veerg\\OneDrive\\QuadrantInternship_TeamOne\\backend\\employee_handbook.pdf', 'total_pages': 82, 'page': 62, 'page_label': '63'}"
254,remote roles must sign a Remote Work Agreement that outlines: • Work location address • Time zone • Equipment ownership and reimbursement terms • Data privacy expectations • Duration and eligibility review timeline HR may request proof of address or utility service to confirm setup compliance. 16.12 Tax & Legal Considerations Remote employees working from a different state or country must: • Notify HR and Payroll of their legal residence • Understand local tax implications and income reporting,"{'producer': 'macOS Version 15.5 (Build 24F74) Quartz PDFContext', 'creator': 'Word', 'creationdate': ""D:20250716221643Z00'00'"", 'title': 'employee_handbook', 'author': 'Aqdas Tanweer', 'moddate': ""D:20250716221643Z00'00'"", 'source': 'c:\\Users\\veerg\\OneDrive\\QuadrantInternship_TeamOne\\backend\\employee_handbook.pdf', 'total_pages': 82, 'page': 62, 'page_label': '63'}"
255,"local tax implications and income reporting • Coordinate visa, work permit, or local registration requirements (if abroad) The company may limit remote work from certain regions due to tax, labor, or compliance risks. 16.13 Wellness & Work-Life Balance We encourage all remote/hybrid employees to: • Take breaks regularly (e.g., 5 minutes every hour) • Establish clear start/end work hours • Use vacation days — even when working from home • Avoid back-to-back meetings beyond 3 hours • Practice","{'producer': 'macOS Version 15.5 (Build 24F74) Quartz PDFContext', 'creator': 'Word', 'creationdate': ""D:20250716221643Z00'00'"", 'title': 'employee_handbook', 'author': 'Aqdas Tanweer', 'moddate': ""D:20250716221643Z00'00'"", 'source': 'c:\\Users\\veerg\\OneDrive\\QuadrantInternship_TeamOne\\backend\\employee_handbook.pdf', 'total_pages': 82, 'page': 62, 'page_label': '63'}"
256,back-to-back meetings beyond 3 hours • Practice “camera off” days or “no meeting” blocks when needed Managers are expected to model healthy boundaries and respect off-hours communication norms.,"{'producer': 'macOS Version 15.5 (Build 24F74) Quartz PDFContext', 'creator': 'Word', 'creationdate': ""D:20250716221643Z00'00'"", 'title': 'employee_handbook', 'author': 'Aqdas Tanweer', 'moddate': ""D:20250716221643Z00'00'"", 'source': 'c:\\Users\\veerg\\OneDrive\\QuadrantInternship_TeamOne\\backend\\employee_handbook.pdf', 'total_pages': 82, 'page': 62, 'page_label': '63'}"
257,"AI Alignment Note AI systems supporting remote work must: • Respect employee privacy and consent for any monitoring features • Offer transparency in all outputs and recommendations • Avoid reinforcing bias based on visibility, time zones, or work patterns • Provide opt-out mechanisms for features involving personalization or tracking • Be audited quarterly for fairness and data minimization Employees are always informed when AI systems are used and for what purpose. 16.14 Support & Questions For","{'producer': 'macOS Version 15.5 (Build 24F74) Quartz PDFContext', 'creator': 'Word', 'creationdate': ""D:20250716221643Z00'00'"", 'title': 'employee_handbook', 'author': 'Aqdas Tanweer', 'moddate': ""D:20250716221643Z00'00'"", 'source': 'c:\\Users\\veerg\\OneDrive\\QuadrantInternship_TeamOne\\backend\\employee_handbook.pdf', 'total_pages': 82, 'page': 63, 'page_label': '64'}"
258,"for what purpose. 16.14 Support & Questions For support with remote work setup, policies, or transitions: • Contact remote@company.com • Speak with your People Partner or Manager • Visit the Remote Work Hub on the intranet for guides, FAQ, and virtual community forums We are committed to making flexibility work — for individuals, teams, and the company.   Section 17: Use of Technology, IT, and AI Tools At [Company Name], technology is the backbone of how we communicate, collaborate, and","{'producer': 'macOS Version 15.5 (Build 24F74) Quartz PDFContext', 'creator': 'Word', 'creationdate': ""D:20250716221643Z00'00'"", 'title': 'employee_handbook', 'author': 'Aqdas Tanweer', 'moddate': ""D:20250716221643Z00'00'"", 'source': 'c:\\Users\\veerg\\OneDrive\\QuadrantInternship_TeamOne\\backend\\employee_handbook.pdf', 'total_pages': 82, 'page': 63, 'page_label': '64'}"
259,"backbone of how we communicate, collaborate, and innovate. This section outlines policies and expectations for the proper use of company-provided technology, software platforms, IT support, cybersecurity, and artificial intelligence (AI) tools. We aim to foster a digitally safe, efficient, and inclusive environment while also upholding strong data ethics and privacy standards. 17.1 Technology Usage Philosophy Technology should: • Enhance collaboration and productivity • Empower employees to","{'producer': 'macOS Version 15.5 (Build 24F74) Quartz PDFContext', 'creator': 'Word', 'creationdate': ""D:20250716221643Z00'00'"", 'title': 'employee_handbook', 'author': 'Aqdas Tanweer', 'moddate': ""D:20250716221643Z00'00'"", 'source': 'c:\\Users\\veerg\\OneDrive\\QuadrantInternship_TeamOne\\backend\\employee_handbook.pdf', 'total_pages': 82, 'page': 63, 'page_label': '64'}"
260,"and productivity • Empower employees to solve problems creatively • Be used responsibly and respectfully • Uphold privacy and security of all users • Align with legal, ethical, and regulatory standards","{'producer': 'macOS Version 15.5 (Build 24F74) Quartz PDFContext', 'creator': 'Word', 'creationdate': ""D:20250716221643Z00'00'"", 'title': 'employee_handbook', 'author': 'Aqdas Tanweer', 'moddate': ""D:20250716221643Z00'00'"", 'source': 'c:\\Users\\veerg\\OneDrive\\QuadrantInternship_TeamOne\\backend\\employee_handbook.pdf', 'total_pages': 82, 'page': 63, 'page_label': '64'}"
261,"Our goal is to ensure tech empowers people — not replaces them — and that every employee can navigate digital tools with confidence and trust. 17.2 Approved Technology & Software Employees are provided with or granted access to tools based on role and team function. Core platforms include: Category Examples Communication Microsoft Teams, Slack, Outlook Project Management Asana, Jira, Monday.com Documentation Google Workspace, Notion, Confluence HR & Payroll Workday, BambooHR, Gusto","{'producer': 'macOS Version 15.5 (Build 24F74) Quartz PDFContext', 'creator': 'Word', 'creationdate': ""D:20250716221643Z00'00'"", 'title': 'employee_handbook', 'author': 'Aqdas Tanweer', 'moddate': ""D:20250716221643Z00'00'"", 'source': 'c:\\Users\\veerg\\OneDrive\\QuadrantInternship_TeamOne\\backend\\employee_handbook.pdf', 'total_pages': 82, 'page': 64, 'page_label': '65'}"
262,"Confluence HR & Payroll Workday, BambooHR, Gusto Design/Engineering Figma, Visual Studio Code, GitHub Video Conferencing Zoom, Microsoft Teams, Google Meet AI Tools (Internal) ChatAssist AI, InsightBot, Resume Matcher, Skill Gap Recommender Do not download or use unapproved software, plugins, or extensions on company devices unless cleared by IT Security. 17.3 Cybersecurity Responsibilities Every employee is a frontline defense against digital threats. Required Practices: • Use strong, unique","{'producer': 'macOS Version 15.5 (Build 24F74) Quartz PDFContext', 'creator': 'Word', 'creationdate': ""D:20250716221643Z00'00'"", 'title': 'employee_handbook', 'author': 'Aqdas Tanweer', 'moddate': ""D:20250716221643Z00'00'"", 'source': 'c:\\Users\\veerg\\OneDrive\\QuadrantInternship_TeamOne\\backend\\employee_handbook.pdf', 'total_pages': 82, 'page': 64, 'page_label': '65'}"
263,"threats. Required Practices: • Use strong, unique passwords for all accounts (preferably via company-approved password manager) • Enable two-factor authentication (2FA) wherever required • Lock your device when unattended • Report suspicious emails, links, or activity immediately • Never share your login credentials — not even with IT Security trainings are mandatory annually and when new tools are introduced. 17.4 Acceptable Use Policy (AUP) You may not use company technology or internet","{'producer': 'macOS Version 15.5 (Build 24F74) Quartz PDFContext', 'creator': 'Word', 'creationdate': ""D:20250716221643Z00'00'"", 'title': 'employee_handbook', 'author': 'Aqdas Tanweer', 'moddate': ""D:20250716221643Z00'00'"", 'source': 'c:\\Users\\veerg\\OneDrive\\QuadrantInternship_TeamOne\\backend\\employee_handbook.pdf', 'total_pages': 82, 'page': 64, 'page_label': '65'}"
264,"You may not use company technology or internet access for: • Downloading or sharing illegal, pirated, or unauthorized content • Engaging in personal business unrelated to your job • Harassment, hate speech, or inflammatory content • Excessive personal browsing, gaming, or social media during work hours","{'producer': 'macOS Version 15.5 (Build 24F74) Quartz PDFContext', 'creator': 'Word', 'creationdate': ""D:20250716221643Z00'00'"", 'title': 'employee_handbook', 'author': 'Aqdas Tanweer', 'moddate': ""D:20250716221643Z00'00'"", 'source': 'c:\\Users\\veerg\\OneDrive\\QuadrantInternship_TeamOne\\backend\\employee_handbook.pdf', 'total_pages': 82, 'page': 64, 'page_label': '65'}"
265,"• Unauthorized remote access or tampering with systems Violation of this policy may result in disciplinary action, up to and including termination. 17.5 IT Support & Ticketing For hardware or software issues: 1. Submit a request via the IT Support Portal 2. Include a detailed description, screenshots (if applicable), and urgency level 3. Tickets are triaged as: o Critical: Same-day o Standard: 1–2 business days o Low Priority: Up to 5 business days Remote support tools (e.g., TeamViewer) may be","{'producer': 'macOS Version 15.5 (Build 24F74) Quartz PDFContext', 'creator': 'Word', 'creationdate': ""D:20250716221643Z00'00'"", 'title': 'employee_handbook', 'author': 'Aqdas Tanweer', 'moddate': ""D:20250716221643Z00'00'"", 'source': 'c:\\Users\\veerg\\OneDrive\\QuadrantInternship_TeamOne\\backend\\employee_handbook.pdf', 'total_pages': 82, 'page': 65, 'page_label': '66'}"
266,"Remote support tools (e.g., TeamViewer) may be used with your permission for troubleshooting. 17.6 Bring Your Own Device (BYOD) Policy Employees may use personal devices for work only if: • Devices meet our security standards (e.g., encryption, antivirus, remote wipe enabled) • They are registered with IT for Mobile Device Management (MDM) • Work-related data is stored in cloud services, not on local memory • You agree to the BYOD Terms of Use Agreement IT reserves the right to restrict access","{'producer': 'macOS Version 15.5 (Build 24F74) Quartz PDFContext', 'creator': 'Word', 'creationdate': ""D:20250716221643Z00'00'"", 'title': 'employee_handbook', 'author': 'Aqdas Tanweer', 'moddate': ""D:20250716221643Z00'00'"", 'source': 'c:\\Users\\veerg\\OneDrive\\QuadrantInternship_TeamOne\\backend\\employee_handbook.pdf', 'total_pages': 82, 'page': 65, 'page_label': '66'}"
267,"IT reserves the right to restrict access or disconnect non-compliant devices at any time. 17.7 Equipment Issuance & Returns Employees may be issued: • Laptop + charger • Keyboard, mouse, and headset • External monitor(s) • Docking station • Specialized tools (e.g., testing equipment, tablets) You are responsible for: • Keeping equipment in good condition • Reporting loss/theft immediately • Returning all equipment upon role change or exit Intentional damage or unreturned items may be deducted","{'producer': 'macOS Version 15.5 (Build 24F74) Quartz PDFContext', 'creator': 'Word', 'creationdate': ""D:20250716221643Z00'00'"", 'title': 'employee_handbook', 'author': 'Aqdas Tanweer', 'moddate': ""D:20250716221643Z00'00'"", 'source': 'c:\\Users\\veerg\\OneDrive\\QuadrantInternship_TeamOne\\backend\\employee_handbook.pdf', 'total_pages': 82, 'page': 65, 'page_label': '66'}"
268,damage or unreturned items may be deducted from final paychecks (where legal).,"{'producer': 'macOS Version 15.5 (Build 24F74) Quartz PDFContext', 'creator': 'Word', 'creationdate': ""D:20250716221643Z00'00'"", 'title': 'employee_handbook', 'author': 'Aqdas Tanweer', 'moddate': ""D:20250716221643Z00'00'"", 'source': 'c:\\Users\\veerg\\OneDrive\\QuadrantInternship_TeamOne\\backend\\employee_handbook.pdf', 'total_pages': 82, 'page': 65, 'page_label': '66'}"
269,"17.8 Use of AI Tools We support responsible AI use to assist — not replace — human judgment. Approved tools are integrated into your workflow for: 
Use Case Example Tool 
Summarizing docs/emails ChatAssist AI 
Skill-gap analysis Skill Matcher 
Employee Q&A chatbots PolicyBot 
Auto-generated meeting notes TranscriptAI","{'producer': 'macOS Version 15.5 (Build 24F74) Quartz PDFContext', 'creator': 'Word', 'creationdate': ""D:20250716221643Z00'00'"", 'title': 'employee_handbook', 'author': 'Aqdas Tanweer', 'moddate': ""D:20250716221643Z00'00'"", 'source': 'c:\\Users\\veerg\\OneDrive\\QuadrantInternship_TeamOne\\backend\\employee_handbook.pdf', 'total_pages': 82, 'page': 66, 'page_label': '67'}"
270,"Sentiment analysis in surveys PeoplePulse AI Guidelines: • Do not input confidential data into public AI tools unless encrypted and approved. • Always review AI outputs before sharing externally. • Disclose when AI is used in client-facing content or decisions. • AI systems may support — but not replace — decisions about hiring, performance, or compliance. 17.9 AI Ethics & Monitoring Safeguards All company AI systems must: • Be human-in-the-loop: AI suggestions require human review • Avoid bias","{'producer': 'macOS Version 15.5 (Build 24F74) Quartz PDFContext', 'creator': 'Word', 'creationdate': ""D:20250716221643Z00'00'"", 'title': 'employee_handbook', 'author': 'Aqdas Tanweer', 'moddate': ""D:20250716221643Z00'00'"", 'source': 'c:\\Users\\veerg\\OneDrive\\QuadrantInternship_TeamOne\\backend\\employee_handbook.pdf', 'total_pages': 82, 'page': 66, 'page_label': '67'}"
271,"AI suggestions require human review • Avoid bias or identity-based assumptions • Log all interactions for transparency and auditability • Be opt-in when analyzing personal work patterns • Be tested quarterly for fairness and data integrity We do not support: • AI surveillance (e.g., webcam or keystroke tracking) • AI systems that alter employee communications or records without review","{'producer': 'macOS Version 15.5 (Build 24F74) Quartz PDFContext', 'creator': 'Word', 'creationdate': ""D:20250716221643Z00'00'"", 'title': 'employee_handbook', 'author': 'Aqdas Tanweer', 'moddate': ""D:20250716221643Z00'00'"", 'source': 'c:\\Users\\veerg\\OneDrive\\QuadrantInternship_TeamOne\\backend\\employee_handbook.pdf', 'total_pages': 82, 'page': 66, 'page_label': '67'}"
272,"• Use of generative AI for impersonation or deception For more, see Section 22: AI Ethics & Governance. 17.10 Logging & Privacy IT systems log basic user activity for compliance, including: • Login/logout times • Software usage (for licensing) • File access and modification records • Security alerts (e.g., failed login attempts) These logs are: • Reviewed only by authorized personnel • Used to improve system performance or investigate policy violations • Stored securely and in compliance with","{'producer': 'macOS Version 15.5 (Build 24F74) Quartz PDFContext', 'creator': 'Word', 'creationdate': ""D:20250716221643Z00'00'"", 'title': 'employee_handbook', 'author': 'Aqdas Tanweer', 'moddate': ""D:20250716221643Z00'00'"", 'source': 'c:\\Users\\veerg\\OneDrive\\QuadrantInternship_TeamOne\\backend\\employee_handbook.pdf', 'total_pages': 82, 'page': 67, 'page_label': '68'}"
273,"• Stored securely and in compliance with applicable data privacy laws (e.g., GDPR, CCPA) We do not monitor personal web activity or messages unless related to a security incident. 17.11 Training & Support Resources You will be enrolled in periodic trainings covering: • New tools and platforms • Cybersecurity best practices • Generative AI usage and data safety • Software troubleshooting tips • Device maintenance and efficiency Access tutorials via the Tech Learning Hub or request 1:1 help from","{'producer': 'macOS Version 15.5 (Build 24F74) Quartz PDFContext', 'creator': 'Word', 'creationdate': ""D:20250716221643Z00'00'"", 'title': 'employee_handbook', 'author': 'Aqdas Tanweer', 'moddate': ""D:20250716221643Z00'00'"", 'source': 'c:\\Users\\veerg\\OneDrive\\QuadrantInternship_TeamOne\\backend\\employee_handbook.pdf', 'total_pages': 82, 'page': 67, 'page_label': '68'}"
274,"the Tech Learning Hub or request 1:1 help from IT through Slack or the ticket portal. 17.12 Questions & Support For any issues or policy clarification: • Submit a ticket via the HelpDesk Portal • Email techsupport@company.com • Join weekly Tech Office Hours for drop-in support We are here to help you make the most of your tools — and use them wisely, securely, and ethically.","{'producer': 'macOS Version 15.5 (Build 24F74) Quartz PDFContext', 'creator': 'Word', 'creationdate': ""D:20250716221643Z00'00'"", 'title': 'employee_handbook', 'author': 'Aqdas Tanweer', 'moddate': ""D:20250716221643Z00'00'"", 'source': 'c:\\Users\\veerg\\OneDrive\\QuadrantInternship_TeamOne\\backend\\employee_handbook.pdf', 'total_pages': 82, 'page': 67, 'page_label': '68'}"
275,"Section 18: Employee Resource Groups (ERGs) & Inclusion Initiatives At [Company Name], diversity, equity, inclusion, and belonging (DEIB) are not just values — they are operational priorities. We believe that an inclusive workplace allows individuals to bring their full selves to work, empowers underrepresented voices, and fosters collaboration, innovation, and trust. This section outlines the structure, purpose, and impact of our Employee Resource Groups (ERGs), along with company-wide","{'producer': 'macOS Version 15.5 (Build 24F74) Quartz PDFContext', 'creator': 'Word', 'creationdate': ""D:20250716221643Z00'00'"", 'title': 'employee_handbook', 'author': 'Aqdas Tanweer', 'moddate': ""D:20250716221643Z00'00'"", 'source': 'c:\\Users\\veerg\\OneDrive\\QuadrantInternship_TeamOne\\backend\\employee_handbook.pdf', 'total_pages': 82, 'page': 68, 'page_label': '69'}"
276,"Resource Groups (ERGs), along with company-wide inclusion initiatives and our approach to embedding equity in leadership, systems, and emerging technologies. 18.1 DEIB Philosophy We are committed to: • Building a workforce that reflects the diversity of the communities we serve • Providing equitable access to growth, support, and leadership opportunities • Creating a workplace where everyone feels safe, seen, and valued • Ensuring inclusion is actively practiced — not passively promised •","{'producer': 'macOS Version 15.5 (Build 24F74) Quartz PDFContext', 'creator': 'Word', 'creationdate': ""D:20250716221643Z00'00'"", 'title': 'employee_handbook', 'author': 'Aqdas Tanweer', 'moddate': ""D:20250716221643Z00'00'"", 'source': 'c:\\Users\\veerg\\OneDrive\\QuadrantInternship_TeamOne\\backend\\employee_handbook.pdf', 'total_pages': 82, 'page': 68, 'page_label': '69'}"
277,"is actively practiced — not passively promised • Designing technologies and systems that reinforce, not reduce, equity Inclusion is the responsibility of every employee — not just ERG members, HR, or leadership. 18.2 What Are ERGs? Employee Resource Groups (ERGs) are employee-led, leadership-supported communities that bring together individuals who share common identities, backgrounds, experiences, or passions. ERGs: • Foster inclusion and allyship • Provide safe spaces for discussion,","{'producer': 'macOS Version 15.5 (Build 24F74) Quartz PDFContext', 'creator': 'Word', 'creationdate': ""D:20250716221643Z00'00'"", 'title': 'employee_handbook', 'author': 'Aqdas Tanweer', 'moddate': ""D:20250716221643Z00'00'"", 'source': 'c:\\Users\\veerg\\OneDrive\\QuadrantInternship_TeamOne\\backend\\employee_handbook.pdf', 'total_pages': 82, 'page': 68, 'page_label': '69'}"
278,"allyship • Provide safe spaces for discussion, celebration, and support • Offer feedback on policies and culture • Lead company-wide education and awareness initiatives • Inform inclusive product development and AI design Participation is voluntary and open to all employees, including allies.","{'producer': 'macOS Version 15.5 (Build 24F74) Quartz PDFContext', 'creator': 'Word', 'creationdate': ""D:20250716221643Z00'00'"", 'title': 'employee_handbook', 'author': 'Aqdas Tanweer', 'moddate': ""D:20250716221643Z00'00'"", 'source': 'c:\\Users\\veerg\\OneDrive\\QuadrantInternship_TeamOne\\backend\\employee_handbook.pdf', 'total_pages': 82, 'page': 68, 'page_label': '69'}"
279,"18.3 Our Current ERGs ERG Name Focus Women+ @ Work Gender equity, mentorship, leadership access 
BIPOC Collective Support and advancement for Black, Indigenous, and People of Color Pride Alliance LGBTQIA+ inclusion, rights, and culture Mental Health Matters Wellness, neurodiversity, and stigma-free support Parents & Caregivers Network Work-life integration, childcare support, elder care 
Veterans & Military Families Community and transition resources","{'producer': 'macOS Version 15.5 (Build 24F74) Quartz PDFContext', 'creator': 'Word', 'creationdate': ""D:20250716221643Z00'00'"", 'title': 'employee_handbook', 'author': 'Aqdas Tanweer', 'moddate': ""D:20250716221643Z00'00'"", 'source': 'c:\\Users\\veerg\\OneDrive\\QuadrantInternship_TeamOne\\backend\\employee_handbook.pdf', 'total_pages': 82, 'page': 69, 'page_label': '70'}"
280,"Faith & Culture Forum Interfaith understanding, cultural celebration Green Team Sustainability, climate action, and responsible tech development Employees can request to form new ERGs through the Inclusion Council, with support from HR. 18.4 How to Join or Start an ERG To Join: • Visit the ERG Portal on the intranet • Browse events, leadership boards, and chat channels • Subscribe to the group’s newsletter or Slack/Teams channel • Attend a monthly open meeting or info session To Start a New","{'producer': 'macOS Version 15.5 (Build 24F74) Quartz PDFContext', 'creator': 'Word', 'creationdate': ""D:20250716221643Z00'00'"", 'title': 'employee_handbook', 'author': 'Aqdas Tanweer', 'moddate': ""D:20250716221643Z00'00'"", 'source': 'c:\\Users\\veerg\\OneDrive\\QuadrantInternship_TeamOne\\backend\\employee_handbook.pdf', 'total_pages': 82, 'page': 69, 'page_label': '70'}"
281,"open meeting or info session To Start a New ERG: • Submit an ERG Charter Proposal outlining: o Purpose, name, and initial leadership team o Proposed goals and activities o Alignment with company values","{'producer': 'macOS Version 15.5 (Build 24F74) Quartz PDFContext', 'creator': 'Word', 'creationdate': ""D:20250716221643Z00'00'"", 'title': 'employee_handbook', 'author': 'Aqdas Tanweer', 'moddate': ""D:20250716221643Z00'00'"", 'source': 'c:\\Users\\veerg\\OneDrive\\QuadrantInternship_TeamOne\\backend\\employee_handbook.pdf', 'total_pages': 82, 'page': 69, 'page_label': '70'}"
282,"• Receive sponsorship from one executive sponsor • Get approval from the Inclusion Council All ERGs are supported with an annual budget, HR liaison, and access to company communication tools. 18.5 DEIB Goals & Metrics We track inclusion progress using data-driven and human-centered approaches: Category Measurement Representation % of employees by demographic group at each level Retention Turnover rates among underrepresented groups Promotion Equity Parity in performance ratings and advancement","{'producer': 'macOS Version 15.5 (Build 24F74) Quartz PDFContext', 'creator': 'Word', 'creationdate': ""D:20250716221643Z00'00'"", 'title': 'employee_handbook', 'author': 'Aqdas Tanweer', 'moddate': ""D:20250716221643Z00'00'"", 'source': 'c:\\Users\\veerg\\OneDrive\\QuadrantInternship_TeamOne\\backend\\employee_handbook.pdf', 'total_pages': 82, 'page': 70, 'page_label': '71'}"
283,"Parity in performance ratings and advancement Belonging Index Survey data on inclusion, safety, and trust ERG Engagement Participation rates and feedback AI Equity Fairness audits on tools impacting employees and candidates Quarterly DEIB reports are shared company-wide to promote transparency.  18.6 Inclusion Events & Programs We celebrate and educate through regular programming, such as: • Heritage Month Events (e.g., Black History, AAPI Heritage, Hispanic Heritage) • Lunch & Learns on","{'producer': 'macOS Version 15.5 (Build 24F74) Quartz PDFContext', 'creator': 'Word', 'creationdate': ""D:20250716221643Z00'00'"", 'title': 'employee_handbook', 'author': 'Aqdas Tanweer', 'moddate': ""D:20250716221643Z00'00'"", 'source': 'c:\\Users\\veerg\\OneDrive\\QuadrantInternship_TeamOne\\backend\\employee_handbook.pdf', 'total_pages': 82, 'page': 70, 'page_label': '71'}"
284,"Heritage, Hispanic Heritage) • Lunch & Learns on inclusive language, identity, and allyship • Implicit Bias Workshops • Accessibility Awareness Week • Allyship Circles (guided discussions on tough topics) • ERG-led Panels & Speaker Series • Annual DEIB Summit for global dialogue and action All events are open to the entire company and recorded for asynchronous access. 18.7 Inclusive Leadership & Training We provide structured training for all people leaders on: • Inclusive feedback and","{'producer': 'macOS Version 15.5 (Build 24F74) Quartz PDFContext', 'creator': 'Word', 'creationdate': ""D:20250716221643Z00'00'"", 'title': 'employee_handbook', 'author': 'Aqdas Tanweer', 'moddate': ""D:20250716221643Z00'00'"", 'source': 'c:\\Users\\veerg\\OneDrive\\QuadrantInternship_TeamOne\\backend\\employee_handbook.pdf', 'total_pages': 82, 'page': 70, 'page_label': '71'}"
285,all people leaders on: • Inclusive feedback and communication • Psychological safety and team trust • Accommodating neurodiverse and disabled team members • Identifying and addressing unconscious bias • Managing global and cross-cultural teams,"{'producer': 'macOS Version 15.5 (Build 24F74) Quartz PDFContext', 'creator': 'Word', 'creationdate': ""D:20250716221643Z00'00'"", 'title': 'employee_handbook', 'author': 'Aqdas Tanweer', 'moddate': ""D:20250716221643Z00'00'"", 'source': 'c:\\Users\\veerg\\OneDrive\\QuadrantInternship_TeamOne\\backend\\employee_handbook.pdf', 'total_pages': 82, 'page': 70, 'page_label': '71'}"
286,"• Ensuring inclusion in hybrid and remote settings Leaders are held accountable for team inclusion metrics in performance reviews. 18.8 Inclusive Systems Design Inclusion is built into every system we use — from hiring to AI governance: • Recruiting Tools: Language-neutral job postings, structured interviews • Performance Reviews: Calibration checks for rating bias • AI Tools: Fairness audits and opt-out features for personalization engines • Surveys & Feedback: Demographic analysis without","{'producer': 'macOS Version 15.5 (Build 24F74) Quartz PDFContext', 'creator': 'Word', 'creationdate': ""D:20250716221643Z00'00'"", 'title': 'employee_handbook', 'author': 'Aqdas Tanweer', 'moddate': ""D:20250716221643Z00'00'"", 'source': 'c:\\Users\\veerg\\OneDrive\\QuadrantInternship_TeamOne\\backend\\employee_handbook.pdf', 'total_pages': 82, 'page': 71, 'page_label': '72'}"
287,"Surveys & Feedback: Demographic analysis without compromising anonymity • Accessibility Reviews: WCAG compliance for all internal tools and portals Every new system undergoes an Equity Impact Assessment (EIA) during implementation. 18.9 AI & Identity Inclusion AI systems must: • Be trained on demographically representative datasets • Avoid stereotyping or profiling based on race, gender, or disability • Clearly disclose recommendations versus decisions • Empower employees to flag biased or","{'producer': 'macOS Version 15.5 (Build 24F74) Quartz PDFContext', 'creator': 'Word', 'creationdate': ""D:20250716221643Z00'00'"", 'title': 'employee_handbook', 'author': 'Aqdas Tanweer', 'moddate': ""D:20250716221643Z00'00'"", 'source': 'c:\\Users\\veerg\\OneDrive\\QuadrantInternship_TeamOne\\backend\\employee_handbook.pdf', 'total_pages': 82, 'page': 71, 'page_label': '72'}"
288,"decisions • Empower employees to flag biased or exclusionary outputs • Be reviewed quarterly for cultural, language, and accessibility fairness For example, AI used in employee upskilling must not recommend fewer technical paths to women or downrank employees based on name, accent, or appearance. 18.10 Feedback & Continuous Improvement We value your voice. You can: • Submit feedback via the ERG Feedback Form • Join the Inclusion Council • Nominate yourself or others for ERG leadership roles •","{'producer': 'macOS Version 15.5 (Build 24F74) Quartz PDFContext', 'creator': 'Word', 'creationdate': ""D:20250716221643Z00'00'"", 'title': 'employee_handbook', 'author': 'Aqdas Tanweer', 'moddate': ""D:20250716221643Z00'00'"", 'source': 'c:\\Users\\veerg\\OneDrive\\QuadrantInternship_TeamOne\\backend\\employee_handbook.pdf', 'total_pages': 82, 'page': 71, 'page_label': '72'}"
289,yourself or others for ERG leadership roles • Suggest new training topics or speakers • Raise concerns anonymously via the Inclusion Hotline We iterate on inclusion — just like we do on products and processes. 18.11 Recognition & Funding ERG leads receive: • Formal recognition in performance reviews,"{'producer': 'macOS Version 15.5 (Build 24F74) Quartz PDFContext', 'creator': 'Word', 'creationdate': ""D:20250716221643Z00'00'"", 'title': 'employee_handbook', 'author': 'Aqdas Tanweer', 'moddate': ""D:20250716221643Z00'00'"", 'source': 'c:\\Users\\veerg\\OneDrive\\QuadrantInternship_TeamOne\\backend\\employee_handbook.pdf', 'total_pages': 82, 'page': 71, 'page_label': '72'}"
290,"• Monthly or quarterly stipends (where applicable) • Professional development resources (e.g., coaching, workshops) • Opportunities to present to leadership and the board ERG programs are funded annually based on scope, size, and alignment to company goals. 18.12 Contact & Resources • DEIB Office: inclusion@company.com • ERG Portal: Access via the intranet home page • Inclusive Language Guide: Download on the Resources tab • Accessibility Toolkit: Resources for digital and physical access We are","{'producer': 'macOS Version 15.5 (Build 24F74) Quartz PDFContext', 'creator': 'Word', 'creationdate': ""D:20250716221643Z00'00'"", 'title': 'employee_handbook', 'author': 'Aqdas Tanweer', 'moddate': ""D:20250716221643Z00'00'"", 'source': 'c:\\Users\\veerg\\OneDrive\\QuadrantInternship_TeamOne\\backend\\employee_handbook.pdf', 'total_pages': 82, 'page': 72, 'page_label': '73'}"
291,"Resources for digital and physical access We are stronger together — and inclusion makes us all better.   Section 19: Workplace Safety & Emergency Procedures At [Company Name], we prioritize the safety and security of every employee. Whether you’re working in an office, at a client site, remotely, or in a hybrid capacity, it’s essential that you understand how to protect yourself, others, and company assets during both routine operations and emergencies. This section outlines physical safety","{'producer': 'macOS Version 15.5 (Build 24F74) Quartz PDFContext', 'creator': 'Word', 'creationdate': ""D:20250716221643Z00'00'"", 'title': 'employee_handbook', 'author': 'Aqdas Tanweer', 'moddate': ""D:20250716221643Z00'00'"", 'source': 'c:\\Users\\veerg\\OneDrive\\QuadrantInternship_TeamOne\\backend\\employee_handbook.pdf', 'total_pages': 82, 'page': 72, 'page_label': '73'}"
292,"This section outlines physical safety standards, emergency preparedness plans, response procedures, reporting mechanisms, remote safety considerations, and how technology — including AI — can assist without violating trust or privacy. 19.1 Workplace Safety Philosophy We are committed to maintaining: • A physically and psychologically safe work environment • Emergency preparedness and fast response protocols • A culture where employees are empowered to speak up about unsafe conditions • Regular","{'producer': 'macOS Version 15.5 (Build 24F74) Quartz PDFContext', 'creator': 'Word', 'creationdate': ""D:20250716221643Z00'00'"", 'title': 'employee_handbook', 'author': 'Aqdas Tanweer', 'moddate': ""D:20250716221643Z00'00'"", 'source': 'c:\\Users\\veerg\\OneDrive\\QuadrantInternship_TeamOne\\backend\\employee_handbook.pdf', 'total_pages': 82, 'page': 72, 'page_label': '73'}"
293,"to speak up about unsafe conditions • Regular training, audits, and drills for all types of risks • Accessibility in all safety processes, ensuring no one is left behind Safety is a shared responsibility between the company, leadership, and every employee.","{'producer': 'macOS Version 15.5 (Build 24F74) Quartz PDFContext', 'creator': 'Word', 'creationdate': ""D:20250716221643Z00'00'"", 'title': 'employee_handbook', 'author': 'Aqdas Tanweer', 'moddate': ""D:20250716221643Z00'00'"", 'source': 'c:\\Users\\veerg\\OneDrive\\QuadrantInternship_TeamOne\\backend\\employee_handbook.pdf', 'total_pages': 82, 'page': 72, 'page_label': '73'}"
294,"19.2 Physical Safety Standards (On-Site Work) We maintain compliance with all applicable OSHA, local fire codes, building standards, and health guidelines. This includes: • Clear walkways and accessible exits • Adequate lighting, ventilation, and signage • Properly maintained electrical and mechanical systems • First aid kits in each department or floor • Fire extinguishers and AEDs (automated external defibrillators) in marked locations • Ergonomic desks and chairs to prevent repetitive stress","{'producer': 'macOS Version 15.5 (Build 24F74) Quartz PDFContext', 'creator': 'Word', 'creationdate': ""D:20250716221643Z00'00'"", 'title': 'employee_handbook', 'author': 'Aqdas Tanweer', 'moddate': ""D:20250716221643Z00'00'"", 'source': 'c:\\Users\\veerg\\OneDrive\\QuadrantInternship_TeamOne\\backend\\employee_handbook.pdf', 'total_pages': 82, 'page': 73, 'page_label': '74'}"
295,"desks and chairs to prevent repetitive stress injuries • Temperature and humidity controls for comfort and health If you notice any facility issue (e.g., water leak, loose cables, tripping hazards), notify Facilities Support immediately via the internal ticketing system. 19.3 Fire & Evacuation Procedures In the event of fire, smoke, or a fire alarm: 1. Remain calm and do not use elevators 2. Proceed to the nearest exit following illuminated signs 3. Assist anyone with mobility or visibility","{'producer': 'macOS Version 15.5 (Build 24F74) Quartz PDFContext', 'creator': 'Word', 'creationdate': ""D:20250716221643Z00'00'"", 'title': 'employee_handbook', 'author': 'Aqdas Tanweer', 'moddate': ""D:20250716221643Z00'00'"", 'source': 'c:\\Users\\veerg\\OneDrive\\QuadrantInternship_TeamOne\\backend\\employee_handbook.pdf', 'total_pages': 82, 'page': 73, 'page_label': '74'}"
296,"3. Assist anyone with mobility or visibility impairments 4. Exit the building and report to your designated assembly point 5. Wait for the all-clear from emergency personnel or safety wardens Fire drills are conducted biannually. All employees must participate. 19.4 Natural Disaster & Severe Weather Protocols Earthquake: • Drop, cover, and hold under a sturdy table or desk • Stay away from windows and unsecured shelves • After shaking stops, evacuate the building if safe to do so Severe Weather","{'producer': 'macOS Version 15.5 (Build 24F74) Quartz PDFContext', 'creator': 'Word', 'creationdate': ""D:20250716221643Z00'00'"", 'title': 'employee_handbook', 'author': 'Aqdas Tanweer', 'moddate': ""D:20250716221643Z00'00'"", 'source': 'c:\\Users\\veerg\\OneDrive\\QuadrantInternship_TeamOne\\backend\\employee_handbook.pdf', 'total_pages': 82, 'page': 73, 'page_label': '74'}"
297,"the building if safe to do so Severe Weather (e.g., tornadoes, hurricanes, blizzards): • Follow local authority alerts and company emergency announcements • Remote work may be enacted during unsafe travel conditions • Employees in affected areas are not expected to report in person Emergency communication is handled through multi-channel alerts: SMS, email, Teams announcements, and building intercoms.","{'producer': 'macOS Version 15.5 (Build 24F74) Quartz PDFContext', 'creator': 'Word', 'creationdate': ""D:20250716221643Z00'00'"", 'title': 'employee_handbook', 'author': 'Aqdas Tanweer', 'moddate': ""D:20250716221643Z00'00'"", 'source': 'c:\\Users\\veerg\\OneDrive\\QuadrantInternship_TeamOne\\backend\\employee_handbook.pdf', 'total_pages': 82, 'page': 73, 'page_label': '74'}"
298,"19.5 Health & Infectious Disease Safety In response to public health threats (e.g., COVID-19, influenza outbreaks), we maintain: • Clean desk and common area policies • Enhanced janitorial services and sanitation stations • Hybrid/remote policies for symptomatic employees • Vaccination guidance and testing accommodations • Isolation or return-to-office protocols based on CDC or WHO recommendations Masks and PPE are made available during periods of concern. 19.6 Workplace Violence & Threat","{'producer': 'macOS Version 15.5 (Build 24F74) Quartz PDFContext', 'creator': 'Word', 'creationdate': ""D:20250716221643Z00'00'"", 'title': 'employee_handbook', 'author': 'Aqdas Tanweer', 'moddate': ""D:20250716221643Z00'00'"", 'source': 'c:\\Users\\veerg\\OneDrive\\QuadrantInternship_TeamOne\\backend\\employee_handbook.pdf', 'total_pages': 82, 'page': 74, 'page_label': '75'}"
299,"of concern. 19.6 Workplace Violence & Threat Response We do not tolerate any form of workplace violence, threats, or intimidation. All credible threats must be reported immediately. Examples include: • Verbal abuse or aggressive language • Physical threats or altercations • Possession of unauthorized weapons • Online harassment or doxxing related to work If you feel unsafe, contact: • Security Services (onsite emergency number) • HR or your manager • 911 for immediate threats Anonymous tips can","{'producer': 'macOS Version 15.5 (Build 24F74) Quartz PDFContext', 'creator': 'Word', 'creationdate': ""D:20250716221643Z00'00'"", 'title': 'employee_handbook', 'author': 'Aqdas Tanweer', 'moddate': ""D:20250716221643Z00'00'"", 'source': 'c:\\Users\\veerg\\OneDrive\\QuadrantInternship_TeamOne\\backend\\employee_handbook.pdf', 'total_pages': 82, 'page': 74, 'page_label': '75'}"
300,"• 911 for immediate threats Anonymous tips can be submitted via the Safety Concern Hotline. 19.7 Remote & Hybrid Worker Safety Even when working remotely, your safety matters. Minimum Standards: • Ergonomic workstation setup (see Section 16) • Surge-protected power sources • Smoke alarms in your workspace • Internet security protections (VPN, antivirus) Emergency Procedures: • Share your general location with your manager (for emergency planning)","{'producer': 'macOS Version 15.5 (Build 24F74) Quartz PDFContext', 'creator': 'Word', 'creationdate': ""D:20250716221643Z00'00'"", 'title': 'employee_handbook', 'author': 'Aqdas Tanweer', 'moddate': ""D:20250716221643Z00'00'"", 'source': 'c:\\Users\\veerg\\OneDrive\\QuadrantInternship_TeamOne\\backend\\employee_handbook.pdf', 'total_pages': 82, 'page': 74, 'page_label': '75'}"
301,"• Update your contact info regularly in the HR portal • Familiarize yourself with local emergency services based on where you live Remote workers will be included in virtual safety drills, alerts, and access to safety training. 19.8 Psychological Safety & Mental Health Safety isn’t only physical — it includes mental health and emotional wellbeing. We support: • Anonymous reporting of harassment or toxic behaviors • Access to mental health counseling and Employee Assistance Programs (EAP) •","{'producer': 'macOS Version 15.5 (Build 24F74) Quartz PDFContext', 'creator': 'Word', 'creationdate': ""D:20250716221643Z00'00'"", 'title': 'employee_handbook', 'author': 'Aqdas Tanweer', 'moddate': ""D:20250716221643Z00'00'"", 'source': 'c:\\Users\\veerg\\OneDrive\\QuadrantInternship_TeamOne\\backend\\employee_handbook.pdf', 'total_pages': 82, 'page': 75, 'page_label': '76'}"
302,"and Employee Assistance Programs (EAP) • Designated quiet spaces and wellness rooms in offices • Encouragement of work-life boundaries, especially for hybrid/remote workers • Psychological safety training for people leaders and ERG leads Your voice matters — and retaliation for raising concerns will not be tolerated. 19.9 Emergency Response Contacts Every employee should know their go-to points of contact: Situation Contact Immediate danger Call 911 Onsite emergencies Dial internal Security","{'producer': 'macOS Version 15.5 (Build 24F74) Quartz PDFContext', 'creator': 'Word', 'creationdate': ""D:20250716221643Z00'00'"", 'title': 'employee_handbook', 'author': 'Aqdas Tanweer', 'moddate': ""D:20250716221643Z00'00'"", 'source': 'c:\\Users\\veerg\\OneDrive\\QuadrantInternship_TeamOne\\backend\\employee_handbook.pdf', 'total_pages': 82, 'page': 75, 'page_label': '76'}"
303,"911 Onsite emergencies Dial internal Security Desk or use emergency phones Building evacuations Safety Warden listed on floor signs HR or personal concerns HRBP or inclusion@company.com Tech/security incidents infosec@company.com Reporting anonymously Safety & Ethics Hotline (link on intranet) Emergency contact info is posted in all breakrooms, kitchens, and restrooms. 19.10 Reporting Hazards or Incidents If you see something unsafe, report it immediately. Use the: • Incident Report Form (for","{'producer': 'macOS Version 15.5 (Build 24F74) Quartz PDFContext', 'creator': 'Word', 'creationdate': ""D:20250716221643Z00'00'"", 'title': 'employee_handbook', 'author': 'Aqdas Tanweer', 'moddate': ""D:20250716221643Z00'00'"", 'source': 'c:\\Users\\veerg\\OneDrive\\QuadrantInternship_TeamOne\\backend\\employee_handbook.pdf', 'total_pages': 82, 'page': 75, 'page_label': '76'}"
304,"immediately. Use the: • Incident Report Form (for injuries or near-misses) • Hazard Observation Form (for risks that haven’t yet caused harm) • Facilities or IT Tickets (for equipment-related issues) All reports are logged, tracked, and followed up by HR, Facilities, or Security within 48 hours.","{'producer': 'macOS Version 15.5 (Build 24F74) Quartz PDFContext', 'creator': 'Word', 'creationdate': ""D:20250716221643Z00'00'"", 'title': 'employee_handbook', 'author': 'Aqdas Tanweer', 'moddate': ""D:20250716221643Z00'00'"", 'source': 'c:\\Users\\veerg\\OneDrive\\QuadrantInternship_TeamOne\\backend\\employee_handbook.pdf', 'total_pages': 82, 'page': 75, 'page_label': '76'}"
305,"19.11 Training & Drills All employees must complete: • New hire safety orientation • Annual emergency response refresher • Quarterly fire or evacuation drills • Specialized drills for earthquake, active shooter, or severe weather (based on location) Training is tracked in the Learning Hub and must be completed on time. 19.12 AI & Safety Technologies We use AI tools to support — not replace — human decision-making in safety: Tool Function IncidentIQ AI-assisted hazard prediction and trend","{'producer': 'macOS Version 15.5 (Build 24F74) Quartz PDFContext', 'creator': 'Word', 'creationdate': ""D:20250716221643Z00'00'"", 'title': 'employee_handbook', 'author': 'Aqdas Tanweer', 'moddate': ""D:20250716221643Z00'00'"", 'source': 'c:\\Users\\veerg\\OneDrive\\QuadrantInternship_TeamOne\\backend\\employee_handbook.pdf', 'total_pages': 82, 'page': 76, 'page_label': '77'}"
306,"AI-assisted hazard prediction and trend detection SafetyBot Automated safety tip reminders and drill notifications EvacSim AI Crowd-simulation modeling for optimized evacuation routes WellnessScan Monitors ergonomic posture in opt-in pilot programs These tools are: • Transparent in what they track and why • Opt-in for wellness or biometric features • Audited quarterly for fairness and privacy • Designed to support, not surveil We never use AI to assess employee “risk scores” or penalize health","{'producer': 'macOS Version 15.5 (Build 24F74) Quartz PDFContext', 'creator': 'Word', 'creationdate': ""D:20250716221643Z00'00'"", 'title': 'employee_handbook', 'author': 'Aqdas Tanweer', 'moddate': ""D:20250716221643Z00'00'"", 'source': 'c:\\Users\\veerg\\OneDrive\\QuadrantInternship_TeamOne\\backend\\employee_handbook.pdf', 'total_pages': 82, 'page': 76, 'page_label': '77'}"
307,"assess employee “risk scores” or penalize health disclosures. 19.13 Support & Resources • Safety Team: safety@company.com • Mental Health/EAP: wellbeing@company.com • Emergency Preparedness Hub (Intranet): Guides, contact cards, floor maps, first aid locations You deserve a workplace that protects your whole self — body, mind, and voice.","{'producer': 'macOS Version 15.5 (Build 24F74) Quartz PDFContext', 'creator': 'Word', 'creationdate': ""D:20250716221643Z00'00'"", 'title': 'employee_handbook', 'author': 'Aqdas Tanweer', 'moddate': ""D:20250716221643Z00'00'"", 'source': 'c:\\Users\\veerg\\OneDrive\\QuadrantInternship_TeamOne\\backend\\employee_handbook.pdf', 'total_pages': 82, 'page': 76, 'page_label': '77'}"
308,"Section 20: Employee Recognition & Rewards At [Company Name], we believe that recognition is more than a pat on the back — it’s a strategic driver of engagement, performance, and loyalty. Celebrating employee achievements, milestones, and everyday contributions cultivates a culture where people feel seen, valued, and inspired to grow. This section outlines how we celebrate and reward our people across all roles and locations, including formal programs, peer recognition, milestone honors,","{'producer': 'macOS Version 15.5 (Build 24F74) Quartz PDFContext', 'creator': 'Word', 'creationdate': ""D:20250716221643Z00'00'"", 'title': 'employee_handbook', 'author': 'Aqdas Tanweer', 'moddate': ""D:20250716221643Z00'00'"", 'source': 'c:\\Users\\veerg\\OneDrive\\QuadrantInternship_TeamOne\\backend\\employee_handbook.pdf', 'total_pages': 82, 'page': 77, 'page_label': '78'}"
309,"programs, peer recognition, milestone honors, inclusive practices, and AI-supported systems that enhance — not replace — human appreciation. 20.1 Philosophy of Recognition We recognize that: • Recognition should be timely, specific, and meaningful • Rewards must be equitable and aligned with our values • Employees thrive when their contributions are noticed and shared • Appreciation is everyone’s responsibility — not just leadership’s • Recognition can happen in big and small moments alike We","{'producer': 'macOS Version 15.5 (Build 24F74) Quartz PDFContext', 'creator': 'Word', 'creationdate': ""D:20250716221643Z00'00'"", 'title': 'employee_handbook', 'author': 'Aqdas Tanweer', 'moddate': ""D:20250716221643Z00'00'"", 'source': 'c:\\Users\\veerg\\OneDrive\\QuadrantInternship_TeamOne\\backend\\employee_handbook.pdf', 'total_pages': 82, 'page': 77, 'page_label': '78'}"
310,"can happen in big and small moments alike We strive for a system that is inclusive, transparent, and accessible across functions and geographies. 20.2 Types of Recognition Type Description Peer-to-Peer Recognition Employees can recognize colleagues for collaboration, support, or innovation Manager Recognition Performance praise tied to goals, KPIs, and behaviors Spot Awards Instant rewards for going above and beyond Milestone Celebrations Anniversaries, birthdays, and life events Company-Wide","{'producer': 'macOS Version 15.5 (Build 24F74) Quartz PDFContext', 'creator': 'Word', 'creationdate': ""D:20250716221643Z00'00'"", 'title': 'employee_handbook', 'author': 'Aqdas Tanweer', 'moddate': ""D:20250716221643Z00'00'"", 'source': 'c:\\Users\\veerg\\OneDrive\\QuadrantInternship_TeamOne\\backend\\employee_handbook.pdf', 'total_pages': 82, 'page': 77, 'page_label': '78'}"
311,"birthdays, and life events Company-Wide Awards Annual or quarterly awards for impact, leadership, and DEIB efforts Values-Based Recognition Highlighting behaviors that align with our core principles","{'producer': 'macOS Version 15.5 (Build 24F74) Quartz PDFContext', 'creator': 'Word', 'creationdate': ""D:20250716221643Z00'00'"", 'title': 'employee_handbook', 'author': 'Aqdas Tanweer', 'moddate': ""D:20250716221643Z00'00'"", 'source': 'c:\\Users\\veerg\\OneDrive\\QuadrantInternship_TeamOne\\backend\\employee_handbook.pdf', 'total_pages': 82, 'page': 77, 'page_label': '78'}"
312,"Recognition can be public (via Teams/Slack, meetings, newsletters) or private (direct messages, handwritten notes). 20.3 Peer-to-Peer Recognition Program All employees can send recognition through the Bravo! App, Intranet Portal, or Slack command /thank.","{'producer': 'macOS Version 15.5 (Build 24F74) Quartz PDFContext', 'creator': 'Word', 'creationdate': ""D:20250716221643Z00'00'"", 'title': 'employee_handbook', 'author': 'Aqdas Tanweer', 'moddate': ""D:20250716221643Z00'00'"", 'source': 'c:\\Users\\veerg\\OneDrive\\QuadrantInternship_TeamOne\\backend\\employee_handbook.pdf', 'total_pages': 82, 'page': 77, 'page_label': '78'}"
313,"When sending recognition, include: • The person’s name • What they did • Why it mattered (impact or value aligned) • Optional: Tag the value they exemplified (e.g., “#CustomerFirst”) These messages are: • Logged in the employee’s internal recognition profile • Visible to their manager • Eligible for monthly raffles or points-based rewards Peer-to-peer recognition is unlimited and encouraged as a daily practice. 20.4 Spot Awards & Micro-Bonuses Managers, team leads, or project owners may issue","{'producer': 'macOS Version 15.5 (Build 24F74) Quartz PDFContext', 'creator': 'Word', 'creationdate': ""D:20250716221643Z00'00'"", 'title': 'employee_handbook', 'author': 'Aqdas Tanweer', 'moddate': ""D:20250716221643Z00'00'"", 'source': 'c:\\Users\\veerg\\OneDrive\\QuadrantInternship_TeamOne\\backend\\employee_handbook.pdf', 'total_pages': 82, 'page': 78, 'page_label': '79'}"
314,"Managers, team leads, or project owners may issue Spot Awards for: • Crisis management • Project excellence • Going above expectations • Mentorship or team support • Client wins or innovation Award types may include: • $50–$500 gift cards • Company swag packs • Lunch delivered to their home • Bonus points in the recognition system Spot awards are tracked for budget and fairness across teams. Multiple awards may increase eligibility for larger honors. 20.5 Service & Life Milestones We celebrate","{'producer': 'macOS Version 15.5 (Build 24F74) Quartz PDFContext', 'creator': 'Word', 'creationdate': ""D:20250716221643Z00'00'"", 'title': 'employee_handbook', 'author': 'Aqdas Tanweer', 'moddate': ""D:20250716221643Z00'00'"", 'source': 'c:\\Users\\veerg\\OneDrive\\QuadrantInternship_TeamOne\\backend\\employee_handbook.pdf', 'total_pages': 82, 'page': 78, 'page_label': '79'}"
315,"20.5 Service & Life Milestones We celebrate both professional and personal milestones: Milestone Reward 1, 3, 5, 10, 15+ year anniversaries Custom gifts, bonus days off, public shout-outs Birthdays Personalized e-card from the team New child/adoption Gift bundle and 2 extra PTO days","{'producer': 'macOS Version 15.5 (Build 24F74) Quartz PDFContext', 'creator': 'Word', 'creationdate': ""D:20250716221643Z00'00'"", 'title': 'employee_handbook', 'author': 'Aqdas Tanweer', 'moddate': ""D:20250716221643Z00'00'"", 'source': 'c:\\Users\\veerg\\OneDrive\\QuadrantInternship_TeamOne\\backend\\employee_handbook.pdf', 'total_pages': 82, 'page': 78, 'page_label': '79'}"
316,"Milestone Reward Marriage or union Celebration email and group kudos Retirement Personalized legacy video, celebration event Employees can opt out of public recognition for any event. 20.6 Company-Wide Recognition Programs These programs recognize standout employees across the company: Quarterly Impact Awards: • 5–10 winners per quarter • Nominated by peers, chosen by leadership • Criteria: Innovation, collaboration, customer impact, values • Prizes: Cash bonus, trophy, LinkedIn badge, CEO","{'producer': 'macOS Version 15.5 (Build 24F74) Quartz PDFContext', 'creator': 'Word', 'creationdate': ""D:20250716221643Z00'00'"", 'title': 'employee_handbook', 'author': 'Aqdas Tanweer', 'moddate': ""D:20250716221643Z00'00'"", 'source': 'c:\\Users\\veerg\\OneDrive\\QuadrantInternship_TeamOne\\backend\\employee_handbook.pdf', 'total_pages': 82, 'page': 79, 'page_label': '80'}"
317,"• Prizes: Cash bonus, trophy, LinkedIn badge, CEO shoutout Annual Leadership Awards: • Categories include Emerging Leader, Ally of the Year, Innovator, Culture Champion • Nominations open company-wide with a panel review • Featured in town halls, blog posts, and company awards gala 20.7 Manager Recognition Expectations All people managers are expected to: • Recognize at least one employee per month • Tailor appreciation to individual preferences (e.g., public vs. private) • Include recognition","{'producer': 'macOS Version 15.5 (Build 24F74) Quartz PDFContext', 'creator': 'Word', 'creationdate': ""D:20250716221643Z00'00'"", 'title': 'employee_handbook', 'author': 'Aqdas Tanweer', 'moddate': ""D:20250716221643Z00'00'"", 'source': 'c:\\Users\\veerg\\OneDrive\\QuadrantInternship_TeamOne\\backend\\employee_handbook.pdf', 'total_pages': 82, 'page': 79, 'page_label': '80'}"
318,"(e.g., public vs. private) • Include recognition in weekly 1:1s and team meetings • Use specific language about impact, not vague praise (“Great job” ➝ “Thanks for jumping in to finish that urgent report — it helped us hit the deadline and kept the client informed.”) Recognition behavior is part of manager performance reviews. 20.8 AI-Assisted Recognition Tools We use AI tools to help augment and scale recognition — not replace human intent. Tool Function Recognition Reminder Bot Nudges","{'producer': 'macOS Version 15.5 (Build 24F74) Quartz PDFContext', 'creator': 'Word', 'creationdate': ""D:20250716221643Z00'00'"", 'title': 'employee_handbook', 'author': 'Aqdas Tanweer', 'moddate': ""D:20250716221643Z00'00'"", 'source': 'c:\\Users\\veerg\\OneDrive\\QuadrantInternship_TeamOne\\backend\\employee_handbook.pdf', 'total_pages': 82, 'page': 79, 'page_label': '80'}"
319,Tool Function Recognition Reminder Bot Nudges managers to recognize team members regularly,"{'producer': 'macOS Version 15.5 (Build 24F74) Quartz PDFContext', 'creator': 'Word', 'creationdate': ""D:20250716221643Z00'00'"", 'title': 'employee_handbook', 'author': 'Aqdas Tanweer', 'moddate': ""D:20250716221643Z00'00'"", 'source': 'c:\\Users\\veerg\\OneDrive\\QuadrantInternship_TeamOne\\backend\\employee_handbook.pdf', 'total_pages': 82, 'page': 79, 'page_label': '80'}"
320,Tool Function Sentiment Analysis Engine Flags moments of exceptional positivity in feedback threads Work Anniversary AI Alerts Automatically notifies teams of upcoming milestones Performance Dashboard Integration Suggests recognition moments based on project tracking data AI-generated suggestions must be reviewed by a human before being published. No recognition is auto-sent without consent. 20.9 Inclusive Recognition Practices We ensure recognition is: • Bias-aware: Monitor award distribution,"{'producer': 'macOS Version 15.5 (Build 24F74) Quartz PDFContext', 'creator': 'Word', 'creationdate': ""D:20250716221643Z00'00'"", 'title': 'employee_handbook', 'author': 'Aqdas Tanweer', 'moddate': ""D:20250716221643Z00'00'"", 'source': 'c:\\Users\\veerg\\OneDrive\\QuadrantInternship_TeamOne\\backend\\employee_handbook.pdf', 'total_pages': 82, 'page': 80, 'page_label': '81'}"
321,"is: • Bias-aware: Monitor award distribution to prevent overrepresentation of certain teams or demographics • Neuroinclusive: Respect preferred formats (written, spoken, emoji-based, etc.) • Culturally Sensitive: Consider global norms and personal beliefs when celebrating events • Language-Aware: Provide translations or plain-language options for global teams • Accessibility-Compliant: Ensure all platforms used are screen-reader and mobile accessible ERGs may also sponsor their own recognition","{'producer': 'macOS Version 15.5 (Build 24F74) Quartz PDFContext', 'creator': 'Word', 'creationdate': ""D:20250716221643Z00'00'"", 'title': 'employee_handbook', 'author': 'Aqdas Tanweer', 'moddate': ""D:20250716221643Z00'00'"", 'source': 'c:\\Users\\veerg\\OneDrive\\QuadrantInternship_TeamOne\\backend\\employee_handbook.pdf', 'total_pages': 82, 'page': 80, 'page_label': '81'}"
322,ERGs may also sponsor their own recognition initiatives aligned to cultural observances or identity pride months. 20.10 Feedback & Evolution We evaluate recognition effectiveness by measuring: • Participation rates in recognition platforms • Qualitative feedback from employee surveys • Recognition equity across identity groups • Retention and engagement of recognized individuals Employees may: • Suggest new award categories • Join the Recognition Council (quarterly planning group) • Propose,"{'producer': 'macOS Version 15.5 (Build 24F74) Quartz PDFContext', 'creator': 'Word', 'creationdate': ""D:20250716221643Z00'00'"", 'title': 'employee_handbook', 'author': 'Aqdas Tanweer', 'moddate': ""D:20250716221643Z00'00'"", 'source': 'c:\\Users\\veerg\\OneDrive\\QuadrantInternship_TeamOne\\backend\\employee_handbook.pdf', 'total_pages': 82, 'page': 80, 'page_label': '81'}"
323,Council (quarterly planning group) • Propose changes to tools or vendor platforms 20.11 How to Give Recognition You can recognize someone via:,"{'producer': 'macOS Version 15.5 (Build 24F74) Quartz PDFContext', 'creator': 'Word', 'creationdate': ""D:20250716221643Z00'00'"", 'title': 'employee_handbook', 'author': 'Aqdas Tanweer', 'moddate': ""D:20250716221643Z00'00'"", 'source': 'c:\\Users\\veerg\\OneDrive\\QuadrantInternship_TeamOne\\backend\\employee_handbook.pdf', 'total_pages': 82, 'page': 80, 'page_label': '81'}"
324,"• Slack/Teams: Use /thank [name] for [reason] #value • Intranet: Click “Recognize a Teammate” on the homepage • Email: Send a shout-out to their manager and CC them • Meetings: Verbally in stand-ups, retros, or town halls • Note: Leave a handwritten card at their desk or mail it for remote teammates Don’t wait for a program — just say thank you. 20.12 Questions & Support • Recognition Program Team: recognition@company.com • Bravo! App Support: Found under “My Tools” on the intranet • Manager","{'producer': 'macOS Version 15.5 (Build 24F74) Quartz PDFContext', 'creator': 'Word', 'creationdate': ""D:20250716221643Z00'00'"", 'title': 'employee_handbook', 'author': 'Aqdas Tanweer', 'moddate': ""D:20250716221643Z00'00'"", 'source': 'c:\\Users\\veerg\\OneDrive\\QuadrantInternship_TeamOne\\backend\\employee_handbook.pdf', 'total_pages': 82, 'page': 81, 'page_label': '82'}"
325,Found under “My Tools” on the intranet • Manager Toolkit: Recognition message templates and calendars • Inclusion Council: To suggest more equitable reward frameworks Recognition isn’t about perks — it’s about people. Let’s make gratitude part of our everyday culture.,"{'producer': 'macOS Version 15.5 (Build 24F74) Quartz PDFContext', 'creator': 'Word', 'creationdate': ""D:20250716221643Z00'00'"", 'title': 'employee_handbook', 'author': 'Aqdas Tanweer', 'moddate': ""D:20250716221643Z00'00'"", 'source': 'c:\\Users\\veerg\\OneDrive\\QuadrantInternship_TeamOne\\backend\\employee_handbook.pdf', 'total_pages': 82, 'page': 81, 'page_label': '82'}"
